43a.1.	2	0
43a.1.	3	1
43a.1.	4	2
43a.1.	4	3
43a.1.	5	4
43a.1.	6	5
43a.1.	6	6
43a.2.	1	7
43a.2.	2	8
43a.2.	3	9
43a.2.	4	10
43a.2.	5	11
43a.2.	5	12
43a.3.	2	13
43a.3.	3	14
43a.3.	4	15
43a.3.	4	16
43a.4.	2	18
43a.4.	3	19
43a.4.	3	20
43a.5.	2	22
43a.5.	3	23
43a.5.	3	24
43a.6.	2	26
43a.6.	3	27
43a.6.	4	28
43a.6.	5	29
43a.6.	6	30
43a.6.	7	31
43a.6.	8	32
43a.6.	9	33
43a.6.	10	34
43a.6.	10	35
43a.7.	2	36
43a.7.	3	37
43a.7.	4	38
43a.7.	5	39
43a.7.	5	40
43a.7.	6	41
43a.7.	7	42
43a.7.	7	43
43a.7.	8	44
43a.7.	9	45
43a.7.	10	46
43a.7.	11	47
43a.7.	12	48
43a.7.	12	49
43a.7.	13	50
43a.7.	14	51
43a.7.	15	52
43a.7.	16	53
43a.7.	17	54
43a.7.	18	55
43a.7.	18	56
43a.8.	2	57
43a.8.	3	58
43a.8.	4	59
43a.8.	5	60
43a.8.	6	61
43a.8.	6	62
43b.1.	2	64
43b.1.	3	65
43b.1.	3	66
43b.2.	2	68
43b.2.	3	69
43b.2.	4	70
43b.2.	5	71
43b.2.	6	72
43b.2.	7	73
43b.2.	7	74
43b.2.	8	75
43b.2.	9	76
43b.2.	10	77
43b.2.	10	78
43b.3.	2	79
43b.3.	3	80
43b.3.	4	81
43b.3.	5	82
43b.3.	5	83
43b.3.	6	84
43b.3.	7	85
43b.3.	7	86
43b.3.	8	87
43b.3.	9	88
43b.3.	10	89
43b.3.	11	90
43b.3.	12	91
43b.3.	13	92
43b.3.	14	93
43b.3.	15	94
43b.3.	16	95
43b.3.	17	96
43b.3.	18	97
43b.3.	18	98
43b.3.	19	99
43b.3.	20	100
43b.3.	21	101
43b.3.	22	102
43b.3.	23	103
43b.3.	24	104
43b.3.	25	105
43b.3.	26	106
43b.3.	27	107
43b.3.	27	108
43b.4.	1	109
43b.4.	2	110
43b.4.	3	111
43b.4.	4	112
43b.4.	5	113
43b.4.	6	114
43b.4.	7	115
43b.4.	8	116
43b.4.	9	117
43b.4.	9	118
43b.5.	1	119
43b.5.	2	120
43b.5.	3	121
43b.5.	4	122
43b.5.	5	123
43b.5.	6	124
43b.5.	7	125
43b.5.	8	126
43b.5.	9	127
43b.5.	10	128
43b.5.	11	129
43b.5.	12	130
43b.5.	13	131
43b.5.	14	132
43b.5.	14	133
43b.5.	15	134
43b.5.	16	135
43b.5.	17	136
43b.5.	18	137
43b.5.	19	138
43b.5.	20	139
43b.5.	21	140
43b.5.	22	141
43b.5.	22	142
43b.5.	23	143
43b.5.	24	144
43b.5.	25	145
43b.5.	26	146
43b.5.	27	147
43b.5.	28	148
43b.5.	28	149
43c.1.	2	151
43c.1.	3	152
43c.1.	4	153
43c.1.	4	154
43c.1.	5	155
43c.1.	6	156
43c.1.	6	157
43c.1.	7	158
43c.1.	8	159
43c.1.	9	160
43c.1.	10	161
43c.1.	11	162
43c.1.	12	163
43c.1.	13	164
43c.1.	14	165
43c.1.	15	166
43c.1.	15	167
43c.2.	2	168
43c.2.	3	169
43c.2.	3	170
43c.2.	4	171
43c.2.	5	172
43c.2.	5	173
43c.2.	6	174
43c.2.	7	175
43c.2.	8	176
43c.2.	9	177
43c.2.	10	178
43c.2.	10	179
43c.2.	11	180
43c.2.	12	181
43c.2.	13	182
43c.2.	14	183
43c.2.	15	184
43c.2.	16	185
43c.2.	17	186
43c.2.	18	187
43c.2.	19	188
43c.2.	20	189
43c.2.	21	190
43c.2.	22	191
43c.2.	23	192
43c.2.	23	193
43c.3.	2	194
43c.3.	3	195
43c.3.	3	196
43c.4.	1	197
43c.4.	2	198
43c.4.	3	199
43c.4.	4	200
43c.4.	5	201
43c.4.	6	202
43c.4.	6	203
43c.5.	2	204
43c.5.	2	205
43c.5.	3	206
43c.5.	4	207
43c.5.	4	208
43c.5.	5	209
43c.5.	6	210
43c.5.	6	211
43c.5.	7	212
43c.5.	8	213
43c.5.	8	214
43c.5.	9	215
43c.5.	10	216
43c.5.	11	217
43c.5.	11	218
43c.5.	12	219
43c.5.	13	220
43c.5.	14	221
43c.5.	15	222
43c.5.	16	223
43c.5.	17	224
43c.5.	18	225
43c.5.	19	226
43c.5.	20	227
43c.5.	21	228
43c.5.	22	229
43c.5.	22	230
43c.5.	23	231
43c.5.	24	232
43c.5.	24	233
43c.5.	25	234
43c.5.	26	235
43c.5.	27	236
43c.5.	27	237
43c.5.	28	238
43c.5.	29	239
43c.5.	30	240
43c.5.	31	241
43c.5.	32	242
43c.5.	32	243
43c.6.	2	245
43c.6.	3	246
43c.6.	3	247
43d.1.	1	249
43d.1.	2	250
43d.1.	3	251
43d.1.	4	252
43d.1.	5	253
43d.1.	6	254
43d.1.	6	255
43d.1.	7	256
43d.1.	8	257
43d.1.	9	258
43d.1.	10	259
43d.1.	11	260
43d.1.	11	261
43d.2.	2	262
43d.2.	3	263
43d.2.	4	264
43d.2.	4	265
43d.2.	5	266
43d.2.	6	267
43d.2.	7	268
43d.2.	8	269
43d.2.	9	270
43d.2.	10	271
43d.2.	11	272
43d.2.	12	273
43d.2.	13	274
43d.2.	14	275
43d.2.	15	276
43d.2.	16	277
43d.2.	17	278
43d.2.	18	279
43d.2.	19	280
43d.2.	20	281
43d.2.	21	282
43d.2.	21	283
43d.3.	1	285
43d.3.	2	286
43d.3.	3	287
43d.3.	4	288
43d.3.	5	289
43d.3.	6	290
43d.3.	7	291
43d.3.	8	292
43d.3.	9	293
43d.3.	9	294
43d.3.	10	295
43d.3.	11	296
43d.3.	12	297
43d.3.	13	298
43d.3.	14	299
43d.3.	15	300
43d.3.	15	301
43d.3.	16	302
43d.3.	17	303
43d.3.	17	304
43d.3.	18	305
43d.3.	19	306
43d.3.	20	307
43d.3.	21	308
43d.3.	21	309
43d.4.	2	311
43d.4.	2	312
43d.4.	3	313
43d.4.	4	314
43d.4.	4	315
43d.4.	5	316
43d.4.	6	317
43d.4.	6	318
43d.4.	7	319
43d.4.	8	320
43d.4.	9	321
43d.4.	10	322
43d.4.	11	323
43d.4.	11	324
43d.4.	12	325
43d.4.	13	326
43d.4.	13	327
43d.5.	1	330
43d.5.	2	331
43d.5.	3	332
43d.5.	4	333
43d.5.	5	334
43d.5.	6	335
43d.5.	6	336
44a.1.	2	337
44a.1.	3	338
44a.1.	4	339
44a.1.	4	340
44a.2.	2	341
44a.2.	3	342
44a.2.	4	343
44a.2.	4	344
44a.3.	1	345
44a.3.	2	346
44a.3.	3	347
44a.3.	4	348
44a.3.	5	349
44a.3.	6	350
44a.3.	7	351
44a.3.	8	352
44a.3.	9	353
44a.3.	10	354
44a.3.	11	355
44a.3.	12	356
44a.3.	13	357
44a.3.	13	358
44a.4.	2	360
44a.4.	3	361
44a.4.	4	362
44a.4.	5	363
44a.4.	6	364
44a.4.	7	365
44a.4.	8	366
44a.4.	8	367
44a.5.	2	368
44a.5.	3	369
44a.5.	4	370
44a.5.	5	371
44a.5.	6	372
44a.5.	7	373
44a.5.	8	374
44a.5.	9	375
44a.5.	10	376
44a.5.	11	377
44a.5.	12	378
44a.5.	12	379
44a.6.	1	380
44a.6.	2	381
44a.6.	3	382
44a.6.	4	383
44a.6.	5	384
44a.6.	6	385
44a.6.	7	386
44a.6.	8	387
44a.6.	9	388
44a.6.	10	389
44a.6.	11	390
44a.6.	12	391
44a.6.	12	392
44a.7.	1	393
44a.7.	2	394
44a.7.	3	395
44a.7.	4	396
44a.7.	5	397
44a.7.	6	398
44a.7.	7	399
44a.7.	8	400
44a.7.	8	401
44a.8.	2	402
44a.8.	3	403
44a.8.	4	404
44a.8.	5	405
44a.8.	6	406
44a.8.	7	407
44a.8.	7	408
44b.1.	2	409
44b.1.	3	410
44b.1.	4	411
44b.1.	5	412
44b.1.	6	413
44b.1.	7	414
44b.1.	8	415
44b.1.	9	416
44b.1.	9	417
44b.1.	10	418
44b.1.	11	419
44b.1.	12	420
44b.1.	12	421
44b.1.	13	422
44b.1.	14	423
44b.1.	15	424
44b.1.	16	425
44b.1.	16	426
44b.2.	1	427
44b.2.	2	428
44b.2.	2	429
44b.2.	3	430
44b.2.	4	431
44b.2.	5	432
44b.2.	6	433
44b.2.	7	434
44b.2.	8	435
44b.2.	8	436
44b.3.	2	437
44b.3.	3	438
44b.3.	4	439
44b.3.	4	440
44b.3.	5	441
44b.3.	6	442
44b.3.	6	443
44b.4.	2	445
44b.4.	3	446
44b.4.	4	447
44b.4.	4	448
44b.4.	5	449
44b.4.	6	450
44b.4.	7	451
44b.4.	8	452
44b.4.	8	453
44b.4.	9	454
44b.4.	10	455
44b.4.	10	456
44b.5.	2	458
44b.5.	3	459
44b.5.	3	460
44b.5.	4	461
44b.5.	5	462
44b.5.	5	463
44b.6.	1	465
44b.6.	1	466
44b.6.	2	467
44b.6.	3	468
44b.6.	4	469
44b.6.	4	470
44b.6.	5	471
44b.6.	6	472
44b.6.	7	473
44b.6.	8	474
44b.6.	9	475
44b.6.	10	476
44b.6.	11	477
44b.6.	11	478
44c.1.	1	479
44c.1.	2	480
44c.1.	2	481
44c.1.	3	482
44c.1.	4	483
44c.1.	5	484
44c.1.	5	485
44c.1.	6	486
44c.1.	7	487
44c.1.	8	488
44c.1.	9	489
44c.1.	9	490
44c.1.	10	491
44c.1.	11	492
44c.1.	12	493
44c.1.	13	494
44c.1.	14	495
44c.1.	15	496
44c.1.	16	497
44c.1.	17	498
44c.1.	18	499
44c.1.	19	500
44c.1.	20	501
44c.1.	21	502
44c.1.	22	503
44c.1.	22	504
44c.1.	23	505
44c.1.	24	506
44c.1.	25	507
44c.1.	26	508
44c.1.	27	509
44c.1.	27	510
44c.1.	28	511
44c.1.	29	512
44c.1.	30	513
44c.1.	31	514
44c.1.	32	515
44c.1.	33	516
44c.1.	34	517
44c.1.	34	518
44c.1.	35	519
44c.1.	36	520
44c.1.	37	521
44c.1.	38	522
44c.1.	39	523
44c.1.	40	524
44c.1.	41	525
44c.1.	42	526
44c.1.	43	527
44c.1.	44	528
44c.1.	44	529
44c.1.	45	530
44c.1.	45	531
44c.2.	1	532
44c.2.	2	533
44c.2.	3	534
44c.2.	4	535
44c.2.	5	536
44c.2.	6	537
44c.2.	7	538
44c.2.	8	539
44c.2.	9	540
44c.2.	10	541
44c.2.	11	542
44c.2.	12	543
44c.2.	13	544
44c.2.	14	545
44c.2.	15	546
44c.2.	15	547
44c.3.	1	549
44c.3.	2	550
44c.3.	3	551
44c.3.	4	552
44c.3.	5	553
44c.3.	6	554
44c.3.	7	555
44c.3.	8	556
44c.3.	9	557
44c.3.	10	558
44c.3.	11	559
44c.3.	12	560
44c.3.	13	561
44c.3.	14	562
44c.3.	14	563
44c.4.	2	564
44c.4.	3	565
44c.4.	4	566
44c.4.	4	567
44c.4.	5	568
44c.4.	6	569
44c.4.	7	570
44c.4.	7	571
44c.4.	8	572
44c.4.	9	573
44c.4.	10	574
44c.4.	11	575
44c.4.	12	576
44c.4.	13	577
44c.4.	13	578
44d.1.	1	579
44d.1.	2	580
44d.1.	3	581
44d.1.	3	582
44d.1.	4	583
44d.1.	5	584
44d.1.	6	585
44d.1.	7	586
44d.1.	7	587
44d.1.	8	588
44d.1.	9	589
44d.1.	10	590
44d.1.	11	591
44d.1.	12	592
44d.1.	13	593
44d.1.	14	594
44d.1.	14	595
44d.2.	2	597
44d.2.	3	598
44d.2.	4	599
44d.2.	5	600
44d.2.	6	601
44d.2.	6	602
44d.2.	7	603
44d.2.	8	604
44d.2.	8	605
44d.2.	9	606
44d.2.	10	607
44d.2.	11	608
44d.2.	12	609
44d.2.	13	610
44d.2.	14	611
44d.2.	14	612
44d.3.	1	614
44d.3.	2	615
44d.3.	3	616
44d.3.	4	617
44d.3.	5	618
44d.3.	6	619
44d.3.	7	620
44d.3.	8	621
44d.3.	9	622
44d.3.	10	623
44d.3.	11	624
44d.3.	12	625
44d.3.	13	626
44d.3.	14	627
44d.3.	15	628
44d.3.	16	629
44d.3.	17	630
44d.3.	18	631
44d.3.	19	632
44d.3.	20	633
44d.3.	21	634
44d.3.	22	635
44d.3.	22	636
44d.3.	23	637
44d.3.	24	638
44d.3.	25	639
44d.3.	26	640
44d.3.	27	641
44d.3.	28	642
44d.3.	28	643
44d.4.	2	645
44d.4.	3	646
44d.4.	4	647
44d.4.	4	648
44d.4.	5	649
44d.4.	6	650
44d.4.	6	651
44d.4.	7	652
44d.4.	8	653
44d.4.	9	654
44d.4.	10	655
44d.4.	11	656
44d.4.	12	657
44d.4.	13	658
44d.4.	14	659
44d.4.	15	660
44d.4.	15	661
44d.4.	16	662
44d.4.	17	663
44d.4.	18	664
44d.4.	19	665
44d.4.	20	666
44d.4.	21	667
44d.4.	22	668
44d.4.	23	669
44d.4.	23	670
44d.4.	24	671
44d.4.	25	672
44d.4.	26	673
44d.4.	27	674
44d.4.	27	675
44d.5.	1	677
44d.5.	2	678
44d.5.	3	679
44d.5.	4	680
44d.5.	5	681
44d.5.	5	682
44e.1.	1	685
44e.1.	2	686
44e.1.	3	687
44e.1.	4	688
44e.1.	5	689
44e.1.	6	690
44e.1.	7	691
44e.1.	7	692
44e.1.	8	693
44e.1.	9	694
44e.1.	10	695
44e.1.	11	696
44e.1.	12	697
44e.1.	13	698
44e.1.	13	699
44e.2.	2	701
44e.2.	3	702
44e.2.	4	703
44e.2.	5	704
44e.2.	6	705
44e.2.	6	706
44e.3.	1	707
44e.3.	2	708
44e.3.	2	709
44e.3.	3	710
44e.3.	4	711
44e.3.	4	712
44e.3.	5	713
44e.3.	6	714
44e.3.	6	715
44e.4.	1	716
44e.4.	2	717
44e.4.	3	718
44e.4.	4	719
44e.4.	5	720
44e.4.	6	721
44e.4.	7	722
44e.4.	8	723
44e.4.	9	724
44e.4.	10	725
44e.4.	10	726
44e.4.	11	727
44e.4.	12	728
44e.4.	13	729
44e.4.	14	730
44e.4.	14	731
44e.4.	15	732
44e.4.	16	733
44e.4.	17	734
44e.4.	18	735
44e.4.	19	736
44e.4.	20	737
44e.4.	21	738
44e.4.	22	739
44e.4.	23	740
44e.4.	23	741
44e.4.	24	742
44e.4.	25	743
44e.4.	26	744
44e.4.	27	745
44e.4.	28	746
44e.4.	29	747
44e.4.	30	748
44e.4.	31	749
44e.4.	32	750
44e.4.	33	751
44e.4.	34	752
44e.4.	34	753
44e.4.	35	754
44e.4.	36	755
44e.4.	37	756
44e.4.	38	757
44e.4.	39	758
44e.4.	40	759
44e.4.	41	760
44e.4.	41	761
45a.1.	1	762
45a.1.	2	763
45a.1.	3	764
45a.1.	4	765
45a.1.	5	766
45a.1.	5	767
45a.1.	6	768
45a.1.	7	769
45a.1.	8	770
45a.1.	8	771
45a.2.	1	772
45a.2.	2	773
45a.2.	3	774
45a.2.	4	775
45a.2.	5	776
45a.2.	6	777
45a.2.	7	778
45a.2.	8	779
45a.2.	9	780
45a.2.	10	781
45a.2.	11	782
45a.2.	12	783
45a.2.	13	784
45a.2.	14	785
45a.2.	15	786
45a.2.	16	787
45a.2.	17	788
45a.2.	17	789
45a.3.	1	790
45a.3.	2	791
45a.3.	3	792
45a.3.	4	793
45a.3.	5	794
45a.3.	6	795
45a.3.	7	796
45a.3.	7	797
45a.4.	2	798
45a.4.	3	799
45a.4.	4	800
45a.4.	4	801
45a.4.	5	802
45a.4.	6	803
45a.4.	6	804
45a.4.	7	805
45a.4.	8	806
45a.4.	9	807
45a.4.	9	808
45a.5.	2	809
45a.5.	3	810
45a.5.	4	811
45a.5.	5	812
45a.5.	6	813
45a.5.	7	814
45a.5.	8	815
45a.5.	9	816
45a.5.	10	817
45a.5.	11	818
45a.5.	12	819
45a.5.	13	820
45a.5.	14	821
45a.5.	15	822
45a.5.	16	823
45a.5.	17	824
45a.5.	18	825
45a.5.	19	826
45a.5.	20	827
45a.5.	21	828
45a.5.	21	829
45a.6.	1	831
45a.6.	2	832
45a.6.	3	833
45a.6.	4	834
45a.6.	5	835
45a.6.	6	836
45a.6.	7	837
45a.6.	8	838
45a.6.	8	839
45a.6.	9	840
45a.6.	10	841
45a.6.	11	842
45a.6.	12	843
45a.6.	13	844
45a.6.	14	845
45a.6.	15	846
45a.6.	16	847
45a.6.	16	848
45b.1.	1	850
45b.1.	2	851
45b.1.	3	852
45b.1.	4	853
45b.1.	5	854
45b.1.	6	855
45b.1.	7	856
45b.1.	7	857
45b.1.	8	858
45b.1.	9	859
45b.1.	10	860
45b.1.	10	861
45b.1.	11	862
45b.1.	11	863
45b.2.	1	864
45b.2.	2	865
45b.2.	3	866
45b.2.	4	867
45b.2.	5	868
45b.2.	6	869
45b.2.	7	870
45b.2.	8	871
45b.2.	9	872
45b.2.	10	873
45b.2.	11	874
45b.2.	11	875
45b.2.	12	876
45b.2.	13	877
45b.2.	14	878
45b.2.	15	879
45b.2.	16	880
45b.2.	16	881
45b.3.	1	883
45b.3.	2	884
45b.3.	3	885
45b.3.	4	886
45b.3.	5	887
45b.3.	6	888
45b.3.	7	889
45b.3.	8	890
45b.3.	9	891
45b.3.	9	892
45b.3.	10	893
45b.3.	11	894
45b.3.	12	895
45b.3.	12	896
45b.3.	13	897
45b.3.	14	898
45b.3.	15	899
45b.3.	16	900
45b.3.	17	901
45b.3.	18	902
45b.3.	19	903
45b.3.	20	904
45b.3.	20	905
45b.4.	1	907
45b.4.	1	908
45b.4.	2	909
45b.4.	3	910
45b.4.	3	911
45b.4.	4	912
45b.4.	5	913
45b.4.	6	914
45b.4.	7	915
45b.4.	8	916
45b.4.	9	917
45b.4.	9	918
45b.4.	10	919
45b.4.	10	920
45b.4.	11	921
45b.4.	12	922
45b.4.	13	923
45b.4.	14	924
45b.4.	15	925
45b.4.	15	926
45b.4.	16	927
45b.4.	17	928
45b.4.	18	929
45b.4.	19	930
45b.4.	20	931
45b.4.	21	932
45b.4.	22	933
45b.4.	23	934
45b.4.	24	935
45b.4.	25	936
45b.4.	26	937
45b.4.	26	938
45c.1.	1	939
45c.1.	2	940
45c.1.	3	941
45c.1.	4	942
45c.1.	5	943
45c.1.	6	944
45c.1.	7	945
45c.1.	8	946
45c.1.	9	947
45c.1.	10	948
45c.1.	10	949
45c.2.	1	950
45c.2.	2	951
45c.2.	3	952
45c.2.	4	953
45c.2.	5	954
45c.2.	6	955
45c.2.	6	956
45c.2.	7	957
45c.2.	8	958
45c.2.	9	959
45c.2.	10	960
45c.2.	11	961
45c.2.	12	962
45c.2.	13	963
45c.2.	14	964
45c.2.	15	965
45c.2.	16	966
45c.2.	17	967
45c.2.	18	968
45c.2.	19	969
45c.2.	19	970
45c.2.	20	971
45c.2.	21	972
45c.2.	22	973
45c.2.	23	974
45c.2.	24	975
45c.2.	25	976
45c.2.	26	977
45c.2.	26	978
45c.2.	27	980
45c.2.	28	981
45c.2.	28	982
45c.2.	29	983
45c.2.	30	984
45c.2.	30	985
45c.2.	31	986
45c.2.	32	987
45c.2.	33	988
45c.2.	34	989
45c.2.	35	990
45c.2.	36	991
45c.2.	36	992
45c.2.	37	993
45c.2.	38	994
45c.2.	38	995
45c.2.	39	996
45c.2.	40	997
45c.2.	40	998
45c.2.	41	999
45c.2.	42	1000
45c.2.	43	1001
45c.2.	44	1002
45c.2.	45	1003
45c.2.	46	1004
45c.2.	47	1005
45c.2.	48	1006
45c.2.	49	1007
45c.2.	50	1008
45c.2.	51	1009
45c.2.	52	1010
45c.2.	53	1011
45c.2.	54	1012
45c.2.	55	1013
45c.2.	56	1014
45c.2.	57	1015
45c.2.	58	1016
45c.2.	59	1017
45c.2.	59	1018
45d.1.	1	1019
45d.1.	2	1020
45d.1.	3	1021
45d.1.	4	1022
45d.1.	5	1023
45d.1.	6	1024
45d.1.	7	1025
45d.1.	8	1026
45d.1.	9	1027
45d.1.	10	1028
45d.1.	11	1029
45d.1.	11	1030
45d.1.	12	1031
45d.1.	13	1032
45d.1.	14	1033
45d.1.	15	1034
45d.1.	16	1035
45d.1.	17	1036
45d.1.	18	1037
45d.1.	19	1038
45d.1.	20	1039
45d.1.	20	1040
45d.1.	21	1041
45d.1.	22	1042
45d.1.	23	1043
45d.1.	24	1044
45d.1.	25	1045
45d.1.	26	1046
45d.1.	27	1047
45d.1.	28	1048
45d.1.	29	1049
45d.1.	29	1050
45d.2.	1	1051
45d.2.	2	1052
45d.2.	2	1053
45d.2.	3	1054
45d.2.	4	1055
45d.2.	5	1056
45d.2.	5	1057
45d.2.	6	1058
45d.2.	7	1059
45d.2.	8	1060
45d.2.	9	1061
45d.2.	10	1062
45d.2.	11	1063
45d.2.	12	1064
45d.2.	13	1065
45d.2.	14	1066
45d.2.	15	1067
45d.2.	15	1068
45d.3.	1	1070
45d.3.	2	1071
45d.3.	3	1072
45d.3.	4	1073
45d.3.	5	1074
45d.3.	6	1075
45d.3.	7	1076
45d.3.	8	1077
45d.3.	9	1078
45d.3.	10	1079
45d.3.	11	1080
45d.3.	12	1081
45d.3.	12	1082
45d.3.	13	1083
45d.3.	14	1084
45d.3.	15	1085
45d.3.	16	1086
45d.3.	17	1087
45d.3.	18	1088
45d.3.	19	1089
45d.3.	19	1090
45d.4.	1	1091
45d.4.	2	1092
45d.4.	2	1093
45d.4.	3	1094
45d.4.	4	1095
45d.4.	5	1096
45d.4.	6	1097
45d.4.	7	1098
45d.4.	8	1099
45d.4.	9	1100
45d.4.	9	1101
45d.4.	10	1102
45d.4.	11	1103
45d.4.	11	1104
45d.4.	12	1105
45d.4.	13	1106
45d.4.	14	1107
45d.4.	15	1108
45d.4.	16	1109
45d.4.	17	1110
45d.4.	18	1111
45d.4.	19	1112
45d.4.	20	1113
45d.4.	20	1114
45e.1.	1	1115
45e.1.	2	1116
45e.1.	3	1117
45e.1.	4	1118
45e.1.	5	1119
45e.1.	6	1120
45e.1.	7	1121
45e.1.	8	1122
45e.1.	9	1123
45e.1.	10	1124
45e.1.	11	1125
45e.1.	12	1126
45e.1.	13	1127
45e.1.	14	1128
45e.1.	15	1129
45e.1.	16	1130
45e.1.	17	1131
45e.1.	18	1132
45e.1.	19	1133
45e.1.	20	1134
45e.1.	21	1135
45e.1.	22	1136
45e.1.	23	1137
45e.1.	24	1138
45e.1.	25	1139
45e.1.	25	1140
45e.1.	26	1141
45e.1.	27	1142
45e.1.	28	1143
45e.1.	29	1144
45e.1.	30	1145
45e.1.	31	1146
45e.1.	32	1147
45e.1.	33	1148
45e.1.	34	1149
45e.1.	35	1150
45e.1.	36	1151
45e.1.	37	1152
45e.1.	38	1153
45e.1.	38	1154
45e.1.	39	1155
45e.1.	40	1156
45e.1.	41	1157
45e.1.	42	1158
45e.1.	43	1159
45e.1.	44	1160
45e.1.	45	1161
45e.1.	46	1162
45e.1.	46	1163
45e.1.	47	1164
45e.1.	48	1165
45e.1.	49	1166
45e.1.	50	1167
45e.1.	51	1168
45e.1.	51	1169
45e.1.	52	1170
45e.1.	53	1171
45e.1.	54	1172
45e.1.	55	1173
45e.1.	55	1174
45e.1.	56	1175
45e.1.	57	1176
45e.1.	58	1177
45e.1.	59	1178
45e.1.	60	1179
45e.1.	61	1180
45e.1.	62	1181
45e.1.	63	1182
45e.1.	64	1183
45e.1.	64	1184
45e.1.	65	1185
45e.1.	66	1186
45e.1.	67	1187
45e.1.	68	1188
45e.1.	69	1189
45e.1.	70	1190
45e.1.	71	1191
45e.1.	71	1192
45e.1.	72	1193
45e.1.	73	1194
45e.1.	74	1195
45e.1.	75	1196
45e.1.	76	1197
45e.1.	77	1198
45e.1.	78	1199
45e.1.	79	1200
45e.1.	80	1201
45e.1.	81	1202
45e.1.	82	1203
45e.1.	83	1204
45e.1.	83	1205
46a.1.	1	1209
46a.1.	2	1210
46a.1.	2	1211
46a.1.	3	1212
46a.1.	4	1213
46a.1.	4	1214
46a.1.	5	1215
46a.1.	6	1216
46a.1.	7	1217
46a.1.	8	1218
46a.1.	9	1219
46a.1.	10	1220
46a.1.	11	1221
46a.1.	12	1222
46a.1.	13	1223
46a.1.	14	1224
46a.1.	15	1225
46a.1.	16	1226
46a.1.	16	1227
46a.2.	1	1228
46a.2.	2	1229
46a.2.	3	1230
46a.2.	4	1231
46a.2.	5	1232
46a.2.	6	1233
46a.2.	7	1234
46a.2.	8	1235
46a.2.	9	1236
46a.2.	10	1237
46a.2.	11	1238
46a.2.	12	1239
46a.2.	13	1240
46a.2.	14	1241
46a.2.	15	1242
46a.2.	15	1243
46a.3.	1	1247
46a.3.	2	1248
46a.3.	3	1249
46a.3.	4	1250
46a.3.	5	1251
46a.3.	6	1252
46a.3.	7	1253
46a.3.	8	1254
46a.3.	8	1255
46a.3.	9	1256
46a.3.	10	1257
46a.3.	11	1258
46a.3.	12	1259
46a.3.	12	1260
46a.3.	13	1261
46a.3.	14	1262
46a.3.	15	1263
46a.3.	16	1264
46a.3.	17	1265
46a.3.	17	1266
46a.4.	1	1268
46a.4.	2	1269
46a.4.	3	1270
46a.4.	3	1271
46a.4.	4	1272
46a.4.	5	1273
46a.4.	5	1274
46a.4.	6	1275
46a.4.	7	1276
46a.4.	8	1277
46a.4.	9	1278
46a.4.	10	1279
46a.4.	11	1280
46a.4.	11	1281
46b.1.	2	1282
46b.1.	3	1283
46b.1.	4	1284
46b.1.	4	1285
46b.1.	5	1286
46b.1.	6	1287
46b.1.	7	1288
46b.1.	8	1289
46b.1.	9	1290
46b.1.	10	1291
46b.1.	11	1292
46b.1.	12	1293
46b.1.	13	1294
46b.1.	14	1295
46b.1.	14	1296
46b.2.	1	1298
46b.2.	2	1299
46b.2.	3	1300
46b.2.	3	1301
46b.2.	4	1302
46b.2.	5	1303
46b.2.	6	1304
46b.2.	7	1305
46b.2.	7	1306
46b.3.	1	1310
46b.3.	2	1311
46b.3.	3	1312
46b.3.	4	1313
46b.3.	5	1314
46b.3.	6	1315
46b.3.	7	1316
46b.3.	8	1317
46b.3.	9	1318
46b.3.	9	1319
46b.4.	1	1322
46b.4.	2	1323
46b.4.	3	1324
46b.4.	4	1325
46b.4.	5	1326
46b.4.	6	1327
46b.4.	7	1328
46b.4.	8	1329
46b.4.	9	1330
46b.4.	10	1331
46b.4.	11	1332
46b.4.	12	1333
46b.4.	13	1334
46b.4.	14	1335
46b.4.	15	1336
46b.4.	16	1337
46b.4.	17	1338
46b.4.	18	1339
46b.4.	19	1340
46b.4.	20	1341
46b.4.	21	1342
46b.4.	22	1343
46b.4.	23	1344
46b.4.	24	1345
46b.4.	24	1346
46c.1.	1	1349
46c.1.	2	1350
46c.1.	3	1351
46c.1.	4	1352
46c.1.	5	1353
46c.1.	6	1354
46c.1.	7	1355
46c.1.	8	1356
46c.1.	9	1357
46c.1.	10	1358
46c.1.	11	1359
46c.1.	12	1360
46c.1.	12	1361
46c.1.	13	1362
46c.1.	14	1363
46c.1.	15	1364
46c.1.	16	1365
46c.1.	17	1366
46c.1.	18	1367
46c.1.	18	1368
46c.1.	19	1369
46c.1.	20	1370
46c.1.	21	1371
46c.1.	22	1372
46c.1.	23	1373
46c.1.	24	1374
46c.1.	24	1375
46c.1.	25	1376
46c.1.	26	1377
46c.1.	27	1378
46c.1.	28	1379
46c.1.	29	1380
46c.1.	30	1381
46c.1.	31	1382
46c.1.	32	1383
46c.1.	33	1384
46c.1.	33	1385
46c.2.	1	1387
46c.2.	2	1388
46c.2.	3	1389
46c.2.	4	1390
46c.2.	5	1391
46c.2.	6	1392
46c.2.	7	1393
46c.2.	8	1394
46c.2.	9	1395
46c.2.	9	1396
46c.2.	10	1397
46c.2.	11	1398
46c.2.	12	1399
46c.2.	13	1400
46c.2.	14	1401
46c.2.	15	1402
46c.2.	16	1403
46c.2.	16	1404
46c.2.	17	1405
46c.2.	18	1406
46c.2.	19	1407
46c.2.	20	1408
46c.2.	21	1409
46c.2.	22	1410
46c.2.	23	1411
46c.2.	24	1412
46c.2.	25	1413
46c.2.	26	1414
46c.2.	27	1415
46c.2.	28	1416
46c.2.	29	1417
46c.2.	30	1418
46c.2.	30	1419
46c.2.	31	1420
46c.2.	32	1421
46c.2.	33	1422
46c.2.	34	1423
46c.2.	35	1424
46c.2.	36	1425
46c.2.	37	1426
46c.2.	37	1427
46c.3.	1	1430
46c.3.	2	1431
46c.3.	3	1432
46c.3.	4	1433
46c.3.	5	1434
46c.3.	6	1435
46c.3.	6	1436
46c.4.	1	1437
46c.4.	2	1438
46c.4.	3	1439
46c.4.	4	1440
46c.4.	5	1441
46c.4.	6	1442
46c.4.	7	1443
46c.4.	7	1444
46c.4.	8	1445
46c.4.	9	1446
46c.4.	10	1447
46c.4.	11	1448
46c.4.	12	1449
46c.4.	13	1450
46c.4.	13	1451
46d.1.	1	1453
46d.1.	2	1454
46d.1.	3	1455
46d.1.	4	1456
46d.1.	5	1457
46d.1.	6	1458
46d.1.	6	1459
46d.1.	7	1460
46d.1.	8	1461
46d.1.	9	1462
46d.1.	10	1463
46d.1.	11	1464
46d.1.	12	1465
46d.1.	13	1466
46d.1.	14	1467
46d.1.	15	1468
46d.1.	15	1469
46d.1.	16	1470
46d.1.	17	1471
46d.1.	18	1472
46d.1.	18	1473
46d.2.	1	1475
46d.2.	2	1476
46d.2.	3	1477
46d.2.	4	1478
46d.2.	5	1479
46d.2.	6	1480
46d.2.	7	1481
46d.2.	8	1482
46d.2.	8	1483
46d.2.	9	1484
46d.2.	10	1485
46d.2.	11	1486
46d.2.	12	1487
46d.2.	13	1488
46d.2.	14	1489
46d.2.	15	1490
46d.2.	16	1491
46d.2.	17	1492
46d.2.	18	1493
46d.2.	18	1494
46d.2.	19	1495
46d.2.	20	1496
46d.2.	21	1497
46d.2.	22	1498
46d.2.	23	1499
46d.2.	24	1500
46d.2.	25	1501
46d.2.	25	1502
46d.3.	1	1503
46d.3.	2	1504
46d.3.	3	1505
46d.3.	4	1506
46d.3.	4	1507
46d.3.	5	1508
46d.3.	6	1509
46d.3.	6	1510
46d.3.	7	1511
46d.3.	8	1512
46d.3.	9	1513
46d.3.	10	1514
46d.3.	11	1515
46d.3.	12	1516
46d.3.	13	1517
46d.3.	14	1518
46d.3.	14	1519
46d.3.	15	1520
46d.3.	16	1521
46d.3.	17	1522
46d.3.	17	1523
46d.3.	18	1524
46d.3.	19	1525
46d.3.	20	1526
46d.3.	20	1527
46d.3.	21	1528
46d.3.	22	1529
46d.3.	23	1530
46d.3.	24	1531
46d.3.	25	1532
46d.3.	26	1533
46d.3.	26	1534
46e.1.	1	1535
46e.1.	2	1536
46e.1.	3	1537
46e.1.	3	1538
46e.1.	4	1539
46e.1.	5	1540
46e.1.	5	1541
46e.1.	6	1542
46e.1.	7	1543
46e.1.	8	1544
46e.1.	9	1545
46e.1.	10	1546
46e.1.	11	1547
46e.1.	12	1548
46e.1.	12	1549
46e.1.	13	1550
46e.1.	14	1551
46e.1.	15	1552
46e.1.	16	1553
46e.1.	16	1554
46e.1.	17	1555
46e.1.	18	1556
46e.1.	19	1557
46e.1.	20	1558
46e.1.	21	1559
46e.1.	22	1560
46e.1.	23	1561
46e.1.	24	1562
46e.1.	25	1563
46e.1.	26	1564
46e.1.	27	1565
46e.1.	28	1566
46e.1.	29	1567
46e.1.	29	1568
46e.1.	30	1569
46e.1.	31	1570
46e.1.	32	1571
46e.1.	32	1572
46e.2.	1	1573
46e.2.	2	1574
46e.2.	3	1575
46e.2.	3	1576
46e.2.	4	1577
46e.2.	5	1578
46e.2.	5	1579
46e.2.	6	1580
46e.2.	7	1581
46e.2.	8	1582
46e.2.	9	1583
46e.2.	10	1584
46e.2.	10	1585
46e.2.	11	1586
47a.1.	1	1587
47a.1.	2	1588
47a.1.	2	1589
47a.1.	3	1590
47a.1.	4	1591
47a.1.	5	1592
47a.1.	5	1593
47a.1.	6	1594
47a.1.	7	1595
47a.1.	8	1596
47a.1.	9	1597
47a.1.	10	1598
47a.1.	11	1599
47a.1.	11	1600
47a.1.	12	1601
47a.1.	13	1602
47a.1.	14	1603
47a.1.	15	1604
47a.1.	16	1605
47a.1.	17	1606
47a.1.	18	1607
47a.1.	19	1608
47a.1.	19	1609
47a.2.	1	1611
47a.2.	2	1612
47a.2.	3	1613
47a.2.	4	1614
47a.2.	5	1615
47a.2.	6	1616
47a.2.	7	1617
47a.2.	8	1618
47a.2.	9	1619
47a.2.	10	1620
47a.2.	11	1621
47a.2.	12	1622
47a.2.	13	1623
47a.2.	14	1624
47a.2.	15	1625
47a.2.	16	1626
47a.2.	17	1627
47a.2.	18	1628
47a.2.	19	1629
47a.2.	20	1630
47a.2.	20	1631
47a.2.	21	1632
47a.2.	22	1633
47a.2.	23	1634
47a.2.	23	1635
47a.2.	24	1636
47a.2.	25	1637
47a.2.	26	1638
47a.2.	27	1639
47a.2.	28	1640
47a.2.	28	1641
47a.2.	29	1642
47a.2.	30	1643
47a.2.	31	1644
47a.2.	31	1645
47a.3.	1	1646
47a.3.	2	1647
47a.3.	2	1648
47a.4.	1	1649
47a.4.	2	1650
47a.4.	3	1651
47a.4.	4	1652
47a.4.	4	1653
47a.5.	2	1654
47a.5.	2	1655
47a.6.	2	1657
47a.6.	3	1658
47a.6.	4	1659
47a.6.	5	1660
47a.6.	6	1661
47a.6.	6	1662
47a.6.	7	1663
47a.6.	8	1664
47a.6.	9	1665
47a.6.	10	1666
47a.6.	10	1667
47a.7.	2	1669
47a.7.	2	1670
47a.8.	2	1672
47a.8.	3	1673
47a.8.	4	1674
47a.8.	5	1675
47a.8.	6	1676
47a.8.	7	1677
47a.8.	7	1678
47a.8.	8	1679
47a.8.	9	1680
47a.8.	10	1681
47a.8.	11	1682
47a.8.	12	1683
47a.8.	12	1684
47a.9.	2	1689
47a.9.	3	1690
47a.9.	4	1691
47a.9.	4	1692
47a.10.	2	1694
47a.10.	3	1695
47a.10.	3	1696
47a.10.	4	1697
47a.10.	5	1698
47a.10.	6	1699
47a.10.	7	1700
47a.10.	8	1701
47a.10.	8	1702
47b.1.	1	1703
47b.1.	2	1704
47b.1.	3	1705
47b.1.	4	1706
47b.1.	5	1707
47b.1.	6	1708
47b.1.	7	1709
47b.1.	8	1710
47b.1.	9	1711
47b.1.	10	1712
47b.1.	11	1713
47b.1.	12	1714
47b.1.	13	1715
47b.1.	14	1716
47b.1.	15	1717
47b.1.	16	1718
47b.1.	16	1719
47b.1.	17	1720
47b.1.	18	1721
47b.1.	19	1722
47b.1.	20	1723
47b.1.	21	1724
47b.1.	22	1725
47b.1.	23	1726
47b.1.	24	1727
47b.1.	25	1728
47b.1.	26	1729
47b.1.	27	1730
47b.1.	27	1731
47b.2.	2	1732
47b.2.	3	1733
47b.2.	3	1734
47b.3.	2	1737
47b.3.	3	1738
47b.3.	4	1739
47b.3.	5	1740
47b.3.	6	1741
47b.3.	7	1742
47b.3.	8	1743
47b.3.	9	1744
47b.3.	10	1745
47b.3.	11	1746
47b.3.	12	1747
47b.3.	13	1748
47b.3.	14	1749
47b.3.	15	1750
47b.3.	16	1751
47b.3.	17	1752
47b.3.	18	1753
47b.3.	19	1754
47b.3.	19	1755
47b.4.	2	1756
47b.4.	3	1757
47b.4.	3	1758
47b.5.	2	1760
47b.5.	3	1761
47b.5.	4	1762
47b.5.	5	1763
47b.5.	6	1764
47b.5.	7	1765
47b.5.	8	1766
47b.5.	9	1767
47b.5.	10	1768
47b.5.	11	1769
47b.5.	12	1770
47b.5.	12	1771
47b.5.	13	1772
47b.5.	14	1773
47b.5.	15	1774
47b.5.	16	1775
47b.5.	17	1776
47b.5.	17	1777
47b.5.	18	1778
47b.5.	19	1779
47b.5.	20	1780
47b.5.	21	1781
47b.5.	21	1782
47b.5.	22	1783
47b.5.	23	1784
47b.5.	24	1785
47b.5.	25	1786
47b.5.	26	1787
47b.5.	27	1788
47b.5.	27	1789
47b.6.	2	1792
47b.6.	3	1793
47b.6.	3	1794
47c.1.	2	1795
47c.1.	2	1796
47c.2.	1	1797
47c.2.	2	1798
47c.2.	3	1799
47c.2.	4	1800
47c.2.	5	1801
47c.2.	6	1802
47c.2.	7	1803
47c.2.	8	1804
47c.2.	9	1805
47c.2.	10	1806
47c.2.	11	1807
47c.2.	12	1808
47c.2.	12	1809
47c.2.	13	1810
47c.2.	14	1811
47c.2.	15	1812
47c.2.	16	1813
47c.2.	17	1814
47c.2.	18	1815
47c.2.	19	1816
47c.2.	20	1817
47c.2.	21	1818
47c.2.	21	1819
47c.2.	22	1820
47c.2.	23	1821
47c.2.	24	1822
47c.2.	25	1823
47c.2.	25	1824
47c.3.	2	1825
47c.3.	3	1826
47c.3.	4	1827
47c.3.	4	1828
47c.4.	2	1830
47c.4.	3	1831
47c.4.	4	1832
47c.4.	5	1833
47c.4.	6	1834
47c.4.	7	1835
47c.4.	7	1836
47c.4.	8	1837
47c.4.	9	1838
47c.4.	10	1839
47c.4.	10	1840
47c.4.	11	1841
47c.4.	12	1842
47c.4.	13	1843
47c.4.	14	1844
47c.4.	15	1845
47c.4.	16	1846
47c.4.	16	1847
47c.5.	2	1849
47c.5.	3	1850
47c.5.	4	1851
47c.5.	5	1852
47c.5.	6	1853
47c.5.	6	1854
47c.6.	1	1857
47c.6.	2	1858
47c.6.	3	1859
47c.6.	3	1860
47c.7.	2	1861
47c.7.	3	1862
47c.7.	3	1863
47d.1.	1	1864
47d.1.	2	1865
47d.1.	3	1866
47d.1.	3	1867
47d.1.	4	1868
47d.1.	5	1869
47d.1.	5	1870
47d.1.	6	1871
47d.1.	6	1872
47d.1.	7	1873
47d.1.	8	1874
47d.1.	9	1875
47d.1.	10	1876
47d.1.	10	1877
47d.1.	11	1878
47d.1.	12	1879
47d.1.	13	1880
47d.1.	14	1881
47d.1.	15	1882
47d.1.	16	1883
47d.1.	17	1884
47d.1.	18	1885
47d.1.	19	1886
47d.1.	20	1887
47d.1.	21	1888
47d.1.	22	1889
47d.1.	23	1890
47d.1.	24	1891
47d.1.	25	1892
47d.1.	26	1893
47d.1.	26	1894
47d.1.	27	1895
47d.1.	28	1896
47d.1.	29	1897
47d.1.	30	1898
47d.1.	31	1899
47d.1.	32	1900
47d.1.	33	1901
47d.1.	33	1902
47d.1.	34	1903
47d.1.	35	1904
47d.1.	36	1905
47d.1.	37	1906
47d.1.	38	1907
47d.1.	39	1908
47d.1.	40	1909
47d.1.	41	1910
47d.1.	42	1911
47d.1.	43	1912
47d.1.	44	1913
47d.1.	45	1914
47d.1.	46	1915
47d.1.	47	1916
47d.1.	48	1917
47d.1.	48	1918
47d.1.	49	1919
47d.1.	50	1920
47d.1.	51	1921
47d.1.	52	1922
47d.1.	52	1923
47d.1.	53	1924
47d.1.	54	1925
47d.1.	55	1926
47d.1.	56	1927
47d.1.	57	1928
47d.1.	58	1929
47d.1.	59	1930
47d.1.	60	1931
47d.1.	61	1932
47d.1.	62	1933
47d.1.	63	1934
47d.1.	63	1935
47d.2.	1	1938
47d.2.	2	1939
47d.2.	3	1940
47d.2.	4	1941
47d.2.	4	1942
47d.2.	5	1943
47d.2.	6	1944
47d.2.	7	1945
47d.2.	8	1946
47d.2.	8	1947
47d.2.	9	1948
47d.2.	10	1949
47d.2.	11	1950
47d.2.	12	1951
47d.2.	13	1952
47d.2.	14	1953
47d.2.	15	1954
47d.2.	16	1955
47d.2.	17	1956
47d.2.	18	1957
47d.2.	18	1958
47d.3.	1	1959
47d.3.	2	1960
47d.3.	3	1961
47d.3.	4	1962
47d.3.	4	1963
47d.4.	2	1964
47d.4.	3	1965
47d.4.	3	1966
47d.4.	4	1967
47d.4.	5	1968
47d.4.	5	1969
47e.1.	2	1970
47e.1.	3	1971
47e.1.	3	1972
47e.1.	4	1973
47e.1.	5	1974
47e.1.	6	1975
47e.1.	7	1976
47e.1.	8	1977
47e.1.	9	1978
47e.1.	10	1979
47e.1.	11	1980
47e.1.	11	1981
47e.1.	12	1982
47e.1.	13	1983
47e.1.	14	1984
47e.1.	15	1985
47e.1.	16	1986
47e.1.	17	1987
47e.1.	18	1988
47e.1.	19	1989
47e.1.	20	1990
47e.1.	21	1991
47e.1.	22	1992
47e.1.	23	1993
47e.1.	23	1994
47e.1.	24	1995
47e.1.	25	1996
47e.1.	26	1997
47e.1.	27	1998
47e.1.	28	1999
47e.1.	29	2000
47e.1.	29	2001
47e.2.	1	2002
47e.2.	2	2003
47e.2.	3	2004
47e.2.	4	2005
47e.2.	5	2006
47e.2.	5	2007
47e.3.	1	2008
47e.3.	2	2009
47e.3.	2	2010
47e.4.	2	2012
47e.4.	2	2013
47e.5.	2	2015
47e.5.	3	2016
47e.5.	4	2017
47e.5.	5	2018
47e.5.	6	2019
47e.5.	7	2020
47e.5.	8	2021
47e.5.	9	2022
47e.5.	10	2023
47e.5.	11	2024
47e.5.	11	2025
47e.6.	2	2026
47e.6.	2	2027
47e.7.	2	2029
47e.7.	3	2030
47e.7.	4	2031
47e.7.	5	2032
47e.7.	6	2033
47e.7.	7	2034
47e.7.	8	2035
47e.7.	8	2036
47e.7.	9	2037
47e.7.	10	2038
47e.7.	11	2039
47e.7.	12	2040
47e.7.	13	2041
47e.7.	13	2042
47e.7.	14	2043
47e.7.	15	2044
47e.7.	16	2045
47e.7.	17	2046
47e.7.	17	2047
48a.1.	1	2049
48a.1.	2	2050
48a.1.	3	2051
48a.1.	4	2052
48a.1.	5	2053
48a.1.	6	2054
48a.1.	7	2055
48a.1.	7	2056
48a.1.	8	2057
48a.1.	9	2058
48a.1.	10	2059
48a.1.	11	2060
48a.1.	12	2061
48a.1.	12	2062
48a.1.	13	2063
48a.1.	14	2064
48a.1.	15	2065
48a.1.	16	2066
48a.1.	17	2067
48a.1.	18	2068
48a.1.	19	2069
48a.1.	20	2070
48a.1.	21	2071
48a.1.	21	2072
48a.2.	2	2073
48a.2.	2	2074
48a.3.	2	2076
48a.3.	3	2077
48a.3.	3	2078
48a.4.	2	2080
48a.4.	3	2081
48a.4.	3	2082
48a.5.	2	2084
48a.5.	3	2085
48a.5.	3	2086
48a.5.	4	2087
48a.5.	5	2088
48a.5.	5	2089
48a.5.	6	2090
48a.5.	7	2091
48a.5.	8	2092
48a.5.	9	2093
48a.5.	10	2094
48a.5.	11	2095
48a.5.	12	2096
48a.5.	13	2097
48a.5.	14	2098
48a.5.	14	2099
48a.5.	15	2100
48a.5.	16	2101
48a.5.	17	2102
48a.5.	18	2103
48a.5.	19	2104
48a.5.	20	2105
48a.5.	21	2106
48a.5.	22	2107
48a.5.	23	2108
48a.5.	23	2109
48a.5.	24	2110
48a.5.	25	2111
48a.5.	26	2112
48a.5.	27	2113
48a.5.	28	2114
48a.5.	29	2115
48a.5.	29	2116
48a.6.	1	2119
48a.6.	2	2120
48a.6.	3	2121
48a.6.	4	2122
48a.6.	5	2123
48a.6.	6	2124
48a.6.	7	2125
48a.6.	7	2126
48a.6.	8	2127
48a.6.	9	2128
48a.6.	10	2129
48a.6.	11	2130
48a.6.	12	2131
48a.6.	13	2132
48a.6.	14	2133
48a.6.	15	2134
48a.6.	16	2135
48a.6.	17	2136
48a.6.	18	2137
48a.6.	19	2138
48a.6.	20	2139
48a.6.	21	2140
48a.6.	22	2141
48a.6.	23	2142
48a.6.	24	2143
48a.6.	25	2144
48a.6.	25	2145
48b.1.	1	2147
48b.1.	2	2148
48b.1.	3	2149
48b.1.	3	2150
48b.1.	4	2151
48b.1.	5	2152
48b.1.	6	2153
48b.1.	7	2154
48b.1.	7	2155
48b.1.	8	2156
48b.1.	9	2157
48b.1.	10	2158
48b.1.	11	2159
48b.1.	12	2160
48b.1.	13	2161
48b.1.	14	2162
48b.1.	14	2163
48b.2.	2	2164
48b.2.	3	2165
48b.2.	4	2166
48b.2.	5	2167
48b.2.	5	2168
48b.3.	1	2170
48b.3.	2	2171
48b.3.	3	2172
48b.3.	3	2173
48b.3.	4	2174
48b.3.	5	2175
48b.3.	5	2176
48b.4.	1	2177
48b.4.	2	2178
48b.4.	2	2179
48b.5.	2	2180
48b.5.	2	2181
48b.5.	3	2182
48b.5.	4	2183
48b.5.	4	2184
48b.5.	5	2185
48b.5.	6	2186
48b.5.	7	2187
48b.5.	8	2188
48b.5.	9	2189
48b.5.	10	2190
48b.5.	11	2191
48b.5.	12	2192
48b.5.	13	2193
48b.5.	14	2194
48b.5.	15	2195
48b.5.	16	2196
48b.5.	17	2197
48b.5.	17	2198
48b.6.	1	2200
48b.6.	2	2201
48b.6.	3	2202
48b.6.	4	2203
48b.6.	5	2204
48b.6.	6	2205
48b.6.	7	2206
48b.6.	8	2207
48b.6.	9	2208
48b.6.	10	2209
48b.6.	11	2210
48b.6.	11	2211
48b.6.	12	2212
48b.6.	13	2213
48b.6.	14	2214
48b.6.	15	2215
48b.6.	16	2216
48b.6.	17	2217
48b.6.	18	2218
48b.6.	19	2219
48b.6.	20	2220
48b.6.	21	2221
48b.6.	22	2222
48b.6.	22	2223
48b.7.	2	2226
48b.7.	3	2227
48b.7.	3	2228
48b.8.	2	2229
48b.8.	3	2230
48b.8.	4	2231
48b.8.	5	2232
48b.8.	6	2233
48b.8.	7	2234
48b.8.	8	2235
48b.8.	9	2236
48b.8.	10	2237
48b.8.	11	2238
48b.8.	11	2239
48b.8.	12	2240
48b.8.	13	2241
48b.8.	14	2242
48b.8.	15	2243
48b.8.	15	2244
48b.9.	2	2245
48b.9.	2	2246
48c.1.	2	2247
48c.1.	3	2248
48c.1.	4	2249
48c.1.	5	2250
48c.1.	6	2251
48c.1.	7	2252
48c.1.	7	2253
48c.1.	8	2254
48c.1.	9	2255
48c.1.	10	2256
48c.1.	11	2257
48c.1.	12	2258
48c.1.	13	2259
48c.1.	14	2260
48c.1.	15	2261
48c.1.	16	2262
48c.1.	17	2263
48c.1.	18	2264
48c.1.	19	2265
48c.1.	19	2266
48c.2.	1	2270
48c.2.	2	2271
48c.2.	3	2272
48c.2.	4	2273
48c.2.	5	2274
48c.2.	5	2275
48c.2.	6	2276
48c.2.	6	2277
48c.2.	7	2278
48c.2.	8	2279
48c.2.	9	2280
48c.2.	9	2281
48c.2.	10	2282
48c.2.	10	2283
48c.3.	1	2285
48c.3.	2	2286
48c.3.	3	2287
48c.3.	4	2288
48c.3.	5	2289
48c.3.	6	2290
48c.3.	7	2291
48c.3.	8	2292
48c.3.	9	2293
48c.3.	10	2294
48c.3.	11	2295
48c.3.	12	2296
48c.3.	13	2297
48c.3.	14	2298
48c.3.	15	2299
48c.3.	15	2300
48c.3.	16	2301
48c.3.	17	2302
48c.3.	18	2303
48c.3.	19	2304
48c.3.	19	2305
48c.3.	20	2306
48c.3.	21	2307
48c.3.	21	2308
48c.3.	22	2309
48c.3.	23	2310
48c.3.	24	2311
48c.3.	25	2312
48c.3.	26	2313
48c.3.	27	2314
48c.3.	28	2315
48c.3.	29	2316
48c.3.	30	2317
48c.3.	30	2318
48c.3.	31	2319
48c.3.	32	2320
48c.3.	33	2321
48c.3.	34	2322
48c.3.	34	2323
48c.3.	35	2324
48c.3.	36	2325
48c.3.	37	2326
48c.3.	37	2327
48c.3.	38	2328
48c.3.	39	2329
48c.3.	40	2330
48c.3.	40	2331
48d.1.	1	2333
48d.1.	2	2334
48d.1.	2	2335
48d.1.	3	2336
48d.1.	4	2337
48d.1.	5	2338
48d.1.	6	2339
48d.1.	7	2340
48d.1.	7	2341
48d.1.	8	2342
48d.1.	9	2343
48d.1.	10	2344
48d.1.	11	2345
48d.1.	12	2346
48d.1.	13	2347
48d.1.	14	2348
48d.1.	15	2349
48d.1.	16	2350
48d.1.	16	2351
48d.1.	17	2352
48d.1.	18	2353
48d.1.	19	2354
48d.1.	20	2355
48d.1.	21	2356
48d.1.	22	2357
48d.1.	23	2358
48d.1.	24	2359
48d.1.	25	2360
48d.1.	26	2361
48d.1.	27	2362
48d.1.	28	2363
48d.1.	29	2364
48d.1.	29	2365
48d.1.	30	2366
48d.1.	31	2367
48d.1.	32	2368
48d.1.	33	2369
48d.1.	34	2370
48d.1.	35	2371
48d.1.	35	2372
48d.1.	36	2373
48d.1.	37	2374
48d.1.	38	2375
48d.1.	39	2376
48d.1.	40	2377
48d.1.	41	2378
48d.1.	42	2379
48d.1.	42	2380
48d.2.	1	2382
48d.2.	2	2383
48d.2.	3	2384
48d.2.	4	2385
48d.2.	5	2386
48d.2.	5	2387
48d.2.	6	2388
48d.2.	7	2389
48d.2.	8	2390
48d.2.	9	2391
48d.2.	10	2392
48d.2.	11	2393
48d.2.	12	2394
48d.2.	13	2395
48d.2.	14	2396
48d.2.	15	2397
48d.2.	16	2398
48d.2.	17	2399
48d.2.	17	2400
48d.2.	18	2401
48d.2.	19	2402
48d.2.	20	2403
48d.2.	21	2404
48d.2.	22	2405
48d.2.	23	2406
48d.2.	24	2407
48d.2.	24	2408
48d.3.	2	2410
48d.3.	3	2411
48d.3.	4	2412
48d.3.	5	2413
48d.3.	6	2414
48d.3.	6	2415
48d.3.	7	2416
48d.3.	8	2417
48d.3.	8	2418
48d.3.	9	2419
48d.3.	10	2420
48d.3.	11	2421
48d.3.	12	2422
48d.3.	12	2423
48e.1.	2	2424
48e.1.	2	2425
48e.1.	3	2426
48e.1.	4	2427
48e.1.	4	2428
48e.1.	5	2429
48e.1.	5	2430
48e.1.	6	2431
48e.1.	7	2432
48e.1.	8	2433
48e.1.	9	2434
48e.1.	10	2435
48e.1.	11	2436
48e.1.	12	2437
48e.1.	12	2438
48e.1.	13	2439
48e.1.	14	2440
48e.1.	15	2441
48e.1.	16	2442
48e.1.	16	2443
48e.2.	1	2444
48e.2.	2	2445
48e.2.	3	2446
48e.2.	3	2447
48e.2.	4	2448
48e.2.	5	2449
48e.2.	5	2450
48e.2.	6	2451
48e.2.	7	2452
48e.2.	7	2453
48e.2.	8	2454
48e.2.	9	2455
48e.2.	10	2456
48e.2.	11	2457
48e.2.	12	2458
48e.2.	13	2459
48e.2.	13	2460
48e.2.	14	2461
48e.2.	15	2462
48e.2.	16	2463
48e.2.	17	2464
48e.2.	18	2465
48e.2.	19	2466
48e.2.	20	2467
48e.2.	20	2468
48e.3.	1	2470
48e.3.	2	2471
48e.3.	3	2472
48e.3.	4	2473
48e.3.	5	2474
48e.3.	6	2475
48e.3.	7	2476
48e.3.	8	2477
48e.3.	9	2478
48e.3.	9	2479
48e.3.	10	2480
48e.3.	11	2481
48e.3.	12	2482
48e.3.	12	2483
49a.1.	1	2486
49a.1.	2	2487
49a.1.	3	2488
49a.1.	4	2489
49a.1.	5	2490
49a.1.	6	2491
49a.1.	7	2492
49a.1.	8	2493
49a.1.	9	2494
49a.1.	10	2495
49a.1.	11	2496
49a.1.	11	2497
49a.1.	12	2498
49a.1.	13	2499
49a.1.	14	2500
49a.1.	15	2501
49a.1.	16	2502
49a.1.	17	2503
49a.1.	18	2504
49a.1.	19	2505
49a.1.	20	2506
49a.1.	20	2507
49a.2.	2	2508
49a.2.	3	2509
49a.2.	3	2510
49a.3.	2	2511
49a.3.	3	2512
49a.3.	4	2513
49a.3.	5	2514
49a.3.	6	2515
49a.3.	7	2516
49a.3.	7	2517
49a.3.	8	2518
49a.3.	9	2519
49a.3.	10	2520
49a.3.	11	2521
49a.3.	12	2522
49a.3.	13	2523
49a.3.	14	2524
49a.3.	15	2525
49a.3.	15	2526
49a.4.	1	2529
49a.4.	2	2530
49a.4.	3	2531
49a.4.	4	2532
49a.4.	5	2533
49a.4.	6	2534
49a.4.	7	2535
49a.4.	8	2536
49a.4.	9	2537
49a.4.	9	2538
49a.4.	10	2539
49a.4.	11	2540
49a.4.	12	2541
49a.4.	13	2542
49a.4.	14	2543
49a.4.	15	2544
49a.4.	16	2545
49a.4.	17	2546
49a.4.	18	2547
49a.4.	18	2548
49b.1.	1	2550
49b.1.	2	2551
49b.1.	3	2552
49b.1.	4	2553
49b.1.	5	2554
49b.1.	6	2555
49b.1.	7	2556
49b.1.	8	2557
49b.1.	9	2558
49b.1.	10	2559
49b.1.	11	2560
49b.1.	12	2561
49b.1.	13	2562
49b.1.	14	2563
49b.1.	15	2564
49b.1.	16	2565
49b.1.	17	2566
49b.1.	18	2567
49b.1.	18	2568
49b.1.	19	2569
49b.1.	20	2570
49b.1.	20	2571
49b.1.	21	2572
49b.1.	22	2573
49b.1.	22	2574
49b.1.	23	2575
49b.1.	24	2576
49b.1.	25	2577
49b.1.	26	2578
49b.1.	27	2579
49b.1.	28	2580
49b.1.	29	2581
49b.1.	30	2582
49b.1.	31	2583
49b.1.	32	2584
49b.1.	33	2585
49b.1.	34	2586
49b.1.	35	2587
49b.1.	36	2588
49b.1.	36	2589
49b.2.	1	2590
49b.2.	2	2591
49b.2.	3	2592
49b.2.	4	2593
49b.2.	5	2594
49b.2.	6	2595
49b.2.	7	2596
49b.2.	8	2597
49b.2.	9	2598
49b.2.	9	2599
49b.3.	1	2600
49b.3.	2	2601
49b.3.	3	2602
49b.3.	4	2603
49b.3.	5	2604
49b.3.	6	2605
49b.3.	6	2606
49b.3.	7	2607
49b.3.	8	2608
49b.3.	9	2609
49b.3.	10	2610
49b.3.	11	2611
49b.3.	12	2612
49b.3.	13	2613
49b.3.	14	2614
49b.3.	15	2615
49b.3.	16	2616
49b.3.	17	2617
49b.3.	17	2618
49b.3.	18	2619
49b.3.	19	2620
49b.3.	20	2621
49b.3.	21	2622
49b.3.	22	2623
49b.3.	23	2624
49b.3.	24	2625
49b.3.	25	2626
49b.3.	26	2627
49b.3.	27	2628
49b.3.	28	2629
49b.3.	29	2630
49b.3.	30	2631
49b.3.	31	2632
49b.3.	31	2633
49b.4.	1	2635
49b.4.	2	2636
49b.4.	3	2637
49b.4.	3	2638
49b.5.	2	2640
49b.5.	2	2641
49b.6.	2	2642
49b.6.	3	2643
49b.6.	4	2644
49b.6.	5	2645
49b.6.	5	2646
49b.7.	2	2647
49b.7.	3	2648
49b.7.	3	2649
49b.8.	2	2651
49b.8.	3	2652
49b.8.	4	2653
49b.8.	5	2654
49b.8.	5	2655
49b.8.	6	2656
49b.8.	7	2657
49b.8.	8	2658
49b.8.	9	2659
49b.8.	9	2660
49b.8.	10	2661
49b.8.	11	2662
49b.8.	12	2663
49b.8.	13	2664
49b.8.	14	2665
49b.8.	14	2666
49c.1.	2	2668
49c.1.	3	2669
49c.1.	3	2670
49c.2.	2	2671
49c.2.	3	2672
49c.2.	4	2673
49c.2.	4	2674
49c.3.	1	2676
49c.3.	2	2677
49c.3.	2	2678
49c.3.	3	2679
49c.3.	4	2680
49c.3.	4	2681
49c.3.	5	2682
49c.3.	6	2683
49c.3.	6	2684
49c.4.	2	2686
49c.4.	3	2687
49c.4.	4	2688
49c.4.	4	2689
49c.4.	5	2690
49c.4.	6	2691
49c.4.	6	2692
49c.5.	2	2693
49c.5.	3	2694
49c.5.	3	2695
49c.6.	1	2697
49c.6.	2	2698
49c.6.	3	2699
49c.6.	3	2700
49c.6.	4	2701
49c.6.	5	2702
49c.6.	6	2703
49c.6.	7	2704
49c.6.	7	2705
49c.6.	8	2706
49c.6.	9	2707
49c.6.	10	2708
49c.6.	11	2709
49c.6.	11	2710
49c.7.	2	2713
49c.7.	2	2714
49c.8.	2	2716
49c.8.	3	2717
49c.8.	4	2718
49c.8.	5	2719
49c.8.	6	2720
49c.8.	7	2721
49c.8.	8	2722
49c.8.	9	2723
49c.8.	10	2724
49c.8.	11	2725
49c.8.	11	2726
49c.9.	2	2727
49c.9.	3	2728
49c.9.	3	2729
49c.10.	2	2730
49c.10.	3	2731
49c.10.	4	2732
49c.10.	5	2733
49c.10.	6	2734
49c.10.	7	2735
49c.10.	8	2736
49c.10.	9	2737
49c.10.	10	2738
49c.10.	10	2739
49c.10.	11	2740
49c.10.	12	2741
49c.10.	13	2742
49c.10.	14	2743
49c.10.	15	2744
49c.10.	16	2745
49c.10.	16	2746
49d.1.	1	2747
49d.1.	2	2748
49d.1.	2	2749
49d.1.	3	2750
49d.1.	4	2751
49d.1.	4	2752
49d.1.	5	2753
49d.1.	6	2754
49d.1.	6	2755
49d.1.	7	2756
49d.1.	8	2757
49d.1.	9	2758
49d.1.	10	2759
49d.1.	11	2760
49d.1.	11	2761
49d.2.	1	2762
49d.2.	2	2763
49d.2.	3	2764
49d.2.	4	2765
49d.2.	5	2766
49d.2.	6	2767
49d.2.	7	2768
49d.2.	8	2769
49d.2.	9	2770
49d.2.	10	2771
49d.2.	10	2772
49d.3.	1	2773
49d.3.	2	2774
49d.3.	3	2775
49d.3.	4	2776
49d.3.	5	2777
49d.3.	6	2778
49d.3.	7	2779
49d.3.	7	2780
49d.3.	8	2781
49d.3.	9	2782
49d.3.	10	2783
49d.3.	11	2784
49d.3.	12	2785
49d.3.	12	2786
49d.3.	13	2787
49d.3.	14	2788
49d.3.	15	2789
49d.3.	16	2790
49d.3.	17	2791
49d.3.	18	2792
49d.3.	19	2793
49d.3.	20	2794
49d.3.	21	2795
49d.3.	21	2796
49d.4.	1	2799
49d.4.	2	2800
49d.4.	3	2801
49d.4.	4	2802
49d.4.	5	2803
49d.4.	6	2804
49d.4.	7	2805
49d.4.	8	2806
49d.4.	9	2807
49d.4.	10	2808
49d.4.	11	2809
49d.4.	12	2810
49d.4.	13	2811
49d.4.	14	2812
49d.4.	15	2813
49d.4.	16	2814
49d.4.	16	2815
49d.4.	17	2816
49d.4.	18	2817
49d.4.	19	2818
49d.4.	20	2819
49d.4.	21	2820
49d.4.	22	2821
49d.4.	23	2822
49d.4.	24	2823
49d.4.	25	2824
49d.4.	26	2825
49d.4.	27	2826
49d.4.	28	2827
49d.4.	29	2828
49d.4.	30	2829
49d.4.	31	2830
49d.4.	32	2831
49d.4.	32	2832
49d.4.	33	2833
49d.4.	34	2834
49d.4.	35	2835
49d.4.	36	2836
49d.4.	37	2837
49d.4.	38	2838
49d.4.	39	2839
49d.4.	39	2840
49e.1.	1	2841
49e.1.	2	2842
49e.1.	3	2843
49e.1.	4	2844
49e.1.	5	2845
49e.1.	6	2846
49e.1.	7	2847
49e.1.	8	2848
49e.1.	9	2849
49e.1.	10	2850
49e.1.	10	2851
49e.1.	11	2852
49e.1.	12	2853
49e.1.	13	2854
49e.1.	14	2855
49e.1.	15	2856
49e.1.	16	2857
49e.1.	16	2858
49e.1.	17	2859
49e.1.	18	2860
49e.1.	19	2861
49e.1.	19	2862
49e.2.	1	2863
49e.2.	2	2864
49e.2.	3	2865
49e.2.	4	2866
49e.2.	5	2867
49e.2.	5	2868
49e.2.	6	2869
49e.2.	7	2870
49e.2.	8	2871
49e.2.	9	2872
49e.2.	9	2873
49e.3.	2	2874
49e.3.	3	2875
49e.3.	4	2876
49e.3.	5	2877
49e.3.	6	2878
49e.3.	7	2879
49e.3.	7	2880
49e.4.	1	2881
49e.4.	2	2882
49e.4.	2	2883
49e.5.	2	2884
49e.5.	3	2885
49e.5.	4	2886
49e.5.	5	2887
49e.5.	6	2888
49e.5.	7	2889
49e.5.	7	2890
49e.5.	8	2891
49e.5.	9	2892
49e.5.	10	2893
49e.5.	10	2894
49e.6.	1	2895
49e.6.	2	2896
49e.6.	3	2897
49e.6.	4	2898
49e.6.	5	2899
49e.6.	6	2900
49e.6.	7	2901
49e.6.	8	2902
49e.6.	9	2903
49e.6.	10	2904
49e.6.	11	2905
49e.6.	11	2906
49e.7.	2	2908
49e.7.	2	2909
49e.8.	2	2911
49e.8.	3	2912
49e.8.	4	2913
49e.8.	5	2914
49e.8.	5	2915
50a.1.	1	2916
50a.1.	2	2917
50a.1.	3	2918
50a.1.	4	2919
50a.1.	5	2920
50a.1.	6	2921
50a.1.	7	2922
50a.1.	8	2923
50a.1.	9	2924
50a.1.	10	2925
50a.1.	11	2926
50a.1.	11	2927
50a.1.	12	2928
50a.1.	13	2929
50a.1.	14	2930
50a.1.	15	2931
50a.1.	16	2932
50a.1.	16	2933
50a.1.	17	2934
50a.1.	18	2935
50a.1.	18	2936
50a.2.	1	2939
50a.2.	2	2940
50a.2.	3	2941
50a.2.	4	2942
50a.2.	5	2943
50a.2.	6	2944
50a.2.	7	2945
50a.2.	8	2946
50a.2.	8	2947
50a.3.	2	2950
50a.3.	3	2951
50a.3.	3	2952
50a.3.	4	2953
50a.3.	5	2954
50a.3.	5	2955
50a.3.	6	2956
50a.3.	7	2957
50a.3.	8	2958
50a.3.	9	2959
50a.3.	9	2960
50a.4.	1	2962
50a.4.	2	2963
50a.4.	3	2964
50a.4.	3	2965
50a.5.	2	2966
50a.5.	3	2967
50a.5.	4	2968
50a.5.	4	2969
50a.6.	1	2970
50a.6.	2	2971
50a.6.	3	2972
50a.6.	4	2973
50a.6.	5	2974
50a.6.	6	2975
50a.6.	6	2976
50a.6.	7	2977
50a.6.	8	2978
50a.6.	9	2979
50a.6.	10	2980
50a.6.	11	2981
50a.6.	11	2982
50a.6.	12	2983
50a.6.	13	2984
50a.6.	14	2985
50a.6.	15	2986
50a.6.	16	2987
50a.6.	17	2988
50a.6.	18	2989
50a.6.	19	2990
50a.6.	20	2991
50a.6.	21	2992
50a.6.	21	2993
50a.7.	1	2994
50a.7.	2	2995
50a.7.	2	2996
50a.7.	3	2997
50a.7.	4	2998
50a.7.	4	2999
50a.7.	5	3000
50a.7.	6	3001
50a.7.	7	3002
50a.7.	8	3003
50a.7.	9	3004
50a.7.	9	3005
50b.1.	1	3006
50b.1.	2	3007
50b.1.	3	3008
50b.1.	4	3009
50b.1.	5	3010
50b.1.	6	3011
50b.1.	7	3012
50b.1.	8	3013
50b.1.	9	3014
50b.1.	10	3015
50b.1.	11	3016
50b.1.	12	3017
50b.1.	13	3018
50b.1.	14	3019
50b.1.	15	3020
50b.1.	16	3021
50b.1.	17	3022
50b.1.	18	3023
50b.1.	19	3024
50b.1.	20	3025
50b.1.	21	3026
50b.1.	21	3027
50b.2.	1	3028
50b.2.	2	3029
50b.2.	3	3030
50b.2.	4	3031
50b.2.	5	3032
50b.2.	6	3033
50b.2.	7	3034
50b.2.	8	3035
50b.2.	9	3036
50b.2.	10	3037
50b.2.	11	3038
50b.2.	12	3039
50b.2.	13	3040
50b.2.	13	3041
50b.2.	14	3042
50b.2.	15	3043
50b.2.	16	3044
50b.2.	17	3045
50b.2.	18	3046
50b.2.	19	3047
50b.2.	20	3048
50b.2.	21	3049
50b.2.	22	3050
50b.2.	23	3051
50b.2.	24	3052
50b.2.	25	3053
50b.2.	26	3054
50b.2.	27	3055
50b.2.	28	3056
50b.2.	29	3057
50b.2.	29	3058
50b.3.	1	3059
50b.3.	2	3060
50b.3.	2	3061
50b.3.	3	3062
50b.3.	4	3063
50b.3.	4	3064
50b.3.	5	3065
50b.3.	6	3066
50b.3.	7	3067
50b.3.	8	3068
50b.3.	9	3069
50b.3.	9	3070
50b.4.	1	3071
50b.4.	2	3072
50b.4.	3	3073
50b.4.	4	3074
50b.4.	5	3075
50b.4.	5	3076
50b.4.	6	3077
50b.4.	7	3078
50b.4.	8	3079
50b.4.	9	3080
50b.4.	9	3081
50b.4.	10	3082
50b.4.	11	3083
50b.4.	12	3084
50b.4.	13	3085
50b.4.	14	3086
50b.4.	15	3087
50b.4.	16	3088
50b.4.	17	3089
50b.4.	18	3090
50b.4.	19	3091
50b.4.	20	3092
50b.4.	21	3093
50b.4.	22	3094
50b.4.	23	3095
50b.4.	23	3096
50c.1.	1	3097
50c.1.	2	3098
50c.1.	3	3099
50c.1.	4	3100
50c.1.	5	3101
50c.1.	6	3102
50c.1.	7	3103
50c.1.	8	3104
50c.1.	9	3105
50c.1.	10	3106
50c.1.	11	3107
50c.1.	12	3108
50c.1.	13	3109
50c.1.	14	3110
50c.1.	15	3111
50c.1.	16	3112
50c.1.	16	3113
50c.2.	1	3114
50c.2.	2	3115
50c.2.	3	3116
50c.2.	4	3117
50c.2.	4	3118
50c.3.	2	3119
50c.3.	3	3120
50c.3.	4	3121
50c.3.	4	3122
50c.3.	5	3123
50c.3.	6	3124
50c.3.	6	3125
50c.4.	2	3127
50c.4.	3	3128
50c.4.	4	3129
50c.4.	5	3130
50c.4.	6	3131
50c.4.	7	3132
50c.4.	7	3133
50c.5.	1	3135
50c.5.	2	3136
50c.5.	2	3137
50c.5.	3	3138
50c.5.	4	3139
50c.5.	5	3140
50c.5.	6	3141
50c.5.	7	3142
50c.5.	8	3143
50c.5.	9	3144
50c.5.	10	3145
50c.5.	10	3146
50c.5.	11	3147
50c.5.	12	3148
50c.5.	13	3149
50c.5.	14	3150
50c.5.	15	3151
50c.5.	16	3152
50c.5.	17	3153
50c.5.	18	3154
50c.5.	19	3155
50c.5.	19	3156
50c.6.	1	3157
50c.6.	2	3158
50c.6.	3	3159
50c.6.	4	3160
50c.6.	5	3161
50c.6.	5	3162
50c.6.	6	3163
50c.6.	7	3164
50c.6.	8	3165
50c.6.	9	3166
50c.6.	10	3167
50c.6.	11	3168
50c.6.	11	3169
50c.6.	12	3170
50c.6.	13	3171
50c.6.	14	3172
50c.6.	15	3173
50c.6.	16	3174
50c.6.	17	3175
50c.6.	17	3176
50c.6.	18	3177
50c.6.	19	3178
50c.6.	20	3179
50c.6.	21	3180
50c.6.	22	3181
50c.6.	23	3182
50c.6.	24	3183
50c.6.	25	3184
50c.6.	26	3185
50c.6.	26	3186
50d.1.	1	3187
50d.1.	2	3188
50d.1.	2	3189
50d.1.	3	3190
50d.1.	4	3191
50d.1.	5	3192
50d.1.	6	3193
50d.1.	7	3194
50d.1.	8	3195
50d.1.	9	3196
50d.1.	10	3197
50d.1.	11	3198
50d.1.	11	3199
50d.2.	1	3200
50d.2.	2	3201
50d.2.	3	3202
50d.2.	4	3203
50d.2.	5	3204
50d.2.	6	3205
50d.2.	6	3206
50d.2.	7	3207
50d.2.	8	3208
50d.2.	9	3209
50d.2.	10	3210
50d.2.	11	3211
50d.2.	12	3212
50d.2.	13	3213
50d.2.	14	3214
50d.2.	15	3215
50d.2.	16	3216
50d.2.	17	3217
50d.2.	18	3218
50d.2.	18	3219
50d.3.	1	3220
50d.3.	2	3221
50d.3.	2	3222
50d.3.	3	3223
50d.3.	4	3224
50d.3.	4	3225
50d.3.	5	3226
50d.3.	6	3227
50d.3.	7	3228
50d.3.	8	3229
50d.3.	9	3230
50d.3.	10	3231
50d.3.	10	3232
50d.3.	11	3233
50d.3.	12	3234
50d.3.	13	3235
50d.3.	14	3236
50d.3.	15	3237
50d.3.	16	3238
50d.3.	16	3239
50d.4.	1	3240
50d.4.	2	3241
50d.4.	2	3242
50d.4.	3	3243
50d.4.	4	3244
50d.4.	4	3245
50d.5.	1	3246
50d.5.	2	3247
50d.5.	3	3248
50d.5.	4	3249
50d.5.	5	3250
50d.5.	6	3251
50d.5.	7	3252
50d.5.	8	3253
50d.5.	9	3254
50d.5.	10	3255
50d.5.	11	3256
50d.5.	12	3257
50d.5.	13	3258
50d.5.	14	3259
50d.5.	15	3260
50d.5.	15	3261
50e.1.	1	3264
50e.1.	2	3265
50e.1.	3	3266
50e.1.	4	3267
50e.1.	5	3268
50e.1.	6	3269
50e.1.	7	3270
50e.1.	8	3271
50e.1.	9	3272
50e.1.	10	3273
50e.1.	10	3274
50e.1.	11	3275
50e.1.	12	3276
50e.1.	13	3277
50e.1.	14	3278
50e.1.	15	3279
50e.1.	16	3280
50e.1.	17	3281
50e.1.	18	3282
50e.1.	19	3283
50e.1.	20	3284
50e.1.	21	3285
50e.1.	21	3286
50e.2.	1	3288
50e.2.	1	3289
50e.2.	2	3290
50e.2.	3	3291
50e.2.	3	3292
50e.3.	1	3294
50e.3.	1	3295
50e.4.	1	3296
50e.4.	2	3297
50e.4.	3	3298
50e.4.	4	3299
50e.4.	5	3300
50e.4.	6	3301
50e.4.	7	3302
50e.4.	8	3303
50e.4.	8	3304
50e.4.	9	3305
50e.4.	10	3306
50e.4.	11	3307
50e.4.	12	3308
50e.4.	13	3309
50e.4.	14	3310
50e.4.	15	3311
50e.4.	16	3312
50e.4.	17	3313
50e.4.	18	3314
50e.4.	19	3315
50e.4.	20	3316
50e.4.	21	3317
50e.4.	21	3318
50e.4.	22	3319
50e.4.	23	3320
50e.4.	24	3321
50e.4.	25	3322
50e.4.	26	3323
50e.4.	27	3324
50e.4.	27	3325
50e.5.	1	3326
50e.5.	2	3327
50e.5.	3	3328
50e.5.	4	3329
50e.5.	5	3330
50e.5.	5	3331
50e.5.	6	3332
50e.5.	7	3333
50e.5.	8	3334
50e.5.	9	3335
50e.5.	10	3336
50e.5.	11	3337
50e.5.	12	3338
50e.5.	13	3339
50e.5.	14	3340
50e.5.	15	3341
50e.5.	15	3342
50e.5.	16	3343
50e.5.	17	3344
50e.5.	18	3345
50e.5.	19	3346
50e.5.	20	3347
50e.5.	21	3348
50e.5.	22	3349
50e.5.	22	3350
50e.5.	23	3351
50e.5.	24	3352
50e.5.	25	3353
50e.5.	26	3354
50e.5.	27	3355
50e.5.	28	3356
50e.5.	29	3357
50e.5.	29	3358
51a.1.	1	3359
51a.1.	2	3360
51a.1.	3	3361
51a.1.	4	3362
51a.1.	5	3363
51a.1.	6	3364
51a.1.	7	3365
51a.1.	8	3366
51a.1.	9	3367
51a.1.	10	3368
51a.1.	11	3369
51a.1.	12	3370
51a.1.	13	3371
51a.1.	14	3372
51a.1.	15	3373
51a.1.	16	3374
51a.1.	16	3375
51a.1.	17	3376
51a.1.	18	3377
51a.1.	19	3378
51a.1.	20	3379
51a.1.	20	3380
51a.1.	21	3381
51a.1.	22	3382
51a.1.	23	3383
51a.1.	24	3384
51a.1.	25	3385
51a.1.	26	3386
51a.1.	26	3387
51a.1.	27	3388
51a.1.	28	3389
51a.1.	29	3390
51a.1.	30	3391
51a.1.	31	3392
51a.1.	32	3393
51a.1.	33	3394
51a.1.	34	3395
51a.1.	35	3396
51a.1.	36	3397
51a.1.	37	3398
51a.1.	37	3399
51a.2.	1	3401
51a.2.	2	3402
51a.2.	3	3403
51a.2.	4	3404
51a.2.	5	3405
51a.2.	6	3406
51a.2.	7	3407
51a.2.	8	3408
51a.2.	9	3409
51a.2.	10	3410
51a.2.	10	3411
51a.2.	11	3412
51a.2.	11	3413
51a.2.	12	3414
51a.2.	13	3415
51a.2.	14	3416
51a.2.	15	3417
51a.2.	16	3418
51a.2.	17	3419
51a.2.	18	3420
51a.2.	19	3421
51a.2.	19	3422
51a.2.	20	3423
51a.2.	21	3424
51a.2.	22	3425
51a.2.	23	3426
51a.2.	24	3427
51a.2.	25	3428
51a.2.	26	3429
51a.2.	27	3430
51a.2.	28	3431
51a.2.	29	3432
51a.2.	30	3433
51a.2.	31	3434
51a.2.	32	3435
51a.2.	33	3436
51a.2.	33	3437
51a.2.	34	3438
51a.2.	35	3439
51a.2.	36	3440
51a.2.	37	3441
51a.2.	38	3442
51a.2.	39	3443
51a.2.	39	3444
51a.2.	40	3445
51a.2.	41	3446
51a.2.	42	3447
51a.2.	43	3448
51a.2.	44	3449
51a.2.	45	3450
51a.2.	45	3451
51b.1.	1	3453
51b.1.	2	3454
51b.1.	3	3455
51b.1.	4	3456
51b.1.	5	3457
51b.1.	6	3458
51b.1.	7	3459
51b.1.	8	3460
51b.1.	9	3461
51b.1.	10	3462
51b.1.	11	3463
51b.1.	12	3464
51b.1.	13	3465
51b.1.	14	3466
51b.1.	15	3467
51b.1.	16	3468
51b.1.	17	3469
51b.1.	18	3470
51b.1.	19	3471
51b.1.	20	3472
51b.1.	21	3473
51b.1.	22	3474
51b.1.	23	3475
51b.1.	24	3476
51b.1.	25	3477
51b.1.	26	3478
51b.1.	27	3479
51b.1.	28	3480
51b.1.	29	3481
51b.1.	30	3482
51b.1.	31	3483
51b.1.	32	3484
51b.1.	33	3485
51b.1.	34	3486
51b.1.	35	3487
51b.1.	36	3488
51b.1.	37	3489
51b.1.	37	3490
51b.1.	38	3491
51b.1.	39	3492
51b.1.	40	3493
51b.1.	41	3494
51b.1.	42	3495
51b.1.	43	3496
51b.1.	44	3497
51b.1.	45	3498
51b.1.	46	3499
51b.1.	47	3500
51b.1.	48	3501
51b.1.	49	3502
51b.1.	49	3503
51b.1.	50	3504
51b.1.	51	3505
51b.1.	52	3506
51b.1.	53	3507
51b.1.	54	3508
51b.1.	55	3509
51b.1.	56	3510
51b.1.	57	3511
51b.1.	57	3512
51b.1.	58	3513
51b.1.	59	3514
51b.1.	60	3515
51b.1.	61	3516
51b.1.	62	3517
51b.1.	63	3518
51b.1.	64	3519
51b.1.	65	3520
51b.1.	65	3521
51b.1.	66	3522
51b.1.	67	3523
51b.1.	68	3524
51b.1.	69	3525
51b.1.	69	3526
51b.1.	70	3527
51b.1.	71	3528
51b.1.	72	3529
51b.1.	73	3530
51b.1.	74	3531
51b.1.	75	3532
51b.1.	76	3533
51b.1.	76	3534
51b.1.	77	3535
51b.1.	78	3536
51b.1.	78	3537
51b.1.	79	3538
51b.1.	80	3539
51b.1.	81	3540
51b.1.	82	3541
51b.1.	83	3542
51b.1.	83	3543
51b.1.	84	3544
51b.1.	85	3545
51b.1.	86	3546
51b.1.	87	3547
51b.1.	88	3548
51b.1.	89	3549
51b.1.	90	3550
51b.1.	91	3551
51b.1.	92	3552
51b.1.	92	3553
51b.1.	93	3554
51b.1.	94	3555
51b.1.	95	3556
51b.1.	96	3557
51b.1.	97	3558
51b.1.	98	3559
51b.1.	99	3560
51b.1.	100	3561
51b.1.	101	3562
51b.1.	102	3563
51b.1.	103	3564
51b.1.	104	3565
51b.1.	105	3566
51b.1.	106	3567
51b.1.	107	3568
51b.1.	108	3569
51b.1.	109	3570
51b.1.	110	3571
51b.1.	110	3572
51b.1.	111	3573
51b.1.	112	3574
51b.1.	113	3575
51b.1.	114	3576
51b.1.	115	3577
51b.1.	116	3578
51b.1.	117	3579
51b.1.	117	3580
51c.1.	1	3586
51c.1.	2	3587
51c.1.	3	3588
51c.1.	4	3589
51c.1.	5	3590
51c.1.	6	3591
51c.1.	7	3592
51c.1.	8	3593
51c.1.	8	3594
51c.1.	9	3595
51c.1.	10	3596
51c.1.	11	3597
51c.1.	12	3598
51c.1.	13	3599
51c.1.	14	3600
51c.1.	15	3601
51c.1.	15	3602
51c.2.	1	3607
51c.2.	2	3608
51c.2.	3	3609
51c.2.	4	3610
51c.2.	4	3611
51c.2.	5	3612
51c.2.	6	3613
51c.2.	6	3614
51c.3.	1	3615
51c.3.	2	3616
51c.3.	3	3617
51c.3.	4	3618
51c.3.	5	3619
51c.3.	6	3620
51c.3.	6	3621
51c.4.	2	3624
51c.4.	3	3625
51c.4.	3	3626
51c.5.	2	3627
51c.5.	3	3628
51c.5.	3	3629
51c.5.	4	3630
51c.5.	5	3631
51c.5.	5	3632
51c.5.	6	3633
51c.5.	7	3634
51c.5.	8	3635
51c.5.	9	3636
51c.5.	10	3637
51c.5.	10	3638
51c.5.	11	3639
51c.5.	12	3640
51c.5.	13	3641
51c.5.	14	3642
51c.5.	15	3643
51c.5.	15	3644
51c.5.	16	3645
51c.5.	17	3646
51c.5.	18	3647
51c.5.	19	3648
51c.5.	20	3649
51c.5.	21	3650
51c.5.	22	3651
51c.5.	23	3652
51c.5.	24	3653
51c.5.	24	3654
51c.6.	1	3655
51c.6.	2	3656
51c.6.	3	3657
51c.6.	4	3658
51c.6.	4	3659
51c.6.	5	3660
51c.6.	5	3661
51c.6.	6	3662
51c.6.	6	3663
51c.6.	7	3664
51c.6.	8	3665
51c.6.	9	3666
51c.6.	10	3667
51c.6.	11	3668
51c.6.	12	3669
51c.6.	13	3670
51c.6.	14	3671
51c.6.	15	3672
51c.6.	16	3673
51c.6.	17	3674
51c.6.	18	3675
51c.6.	19	3676
51c.6.	19	3677
51c.6.	20	3678
51c.6.	21	3679
51c.6.	22	3680
51c.6.	23	3681
51c.6.	24	3682
51c.6.	25	3683
51c.6.	26	3684
51c.6.	27	3685
51c.6.	27	3686
51c.6.	28	3687
51c.6.	29	3688
51c.6.	30	3689
51c.6.	31	3690
51c.6.	32	3691
51c.6.	33	3692
51c.6.	34	3693
51c.6.	35	3694
51c.6.	36	3695
51c.6.	37	3696
51c.6.	38	3697
51c.6.	39	3698
51c.6.	40	3699
51c.6.	40	3700
51c.6.	41	3701
51c.6.	42	3702
51c.6.	43	3703
51c.6.	44	3704
51c.6.	45	3705
51c.6.	45	3706
51c.6.	46	3707
51c.6.	47	3708
51c.6.	48	3709
51c.6.	49	3710
51c.6.	50	3711
51c.6.	51	3712
51c.6.	52	3713
51c.6.	53	3714
51c.6.	53	3715
51d.1.	1	3719
51d.1.	2	3720
51d.1.	3	3721
51d.1.	4	3722
51d.1.	5	3723
51d.1.	6	3724
51d.1.	7	3725
51d.1.	8	3726
51d.1.	9	3727
51d.1.	9	3728
51d.1.	10	3729
51d.1.	11	3730
51d.1.	12	3731
51d.1.	13	3732
51d.1.	14	3733
51d.1.	15	3734
51d.1.	16	3735
51d.1.	16	3736
51d.1.	17	3737
51d.1.	18	3738
51d.1.	19	3739
51d.1.	20	3740
51d.1.	21	3741
51d.1.	22	3742
51d.1.	23	3743
51d.1.	24	3744
51d.1.	24	3745
51d.1.	25	3746
51d.1.	26	3747
51d.1.	27	3748
51d.1.	28	3749
51d.1.	29	3750
51d.1.	29	3751
51d.1.	30	3752
51d.1.	31	3753
51d.1.	32	3754
51d.1.	33	3755
51d.1.	34	3756
51d.1.	34	3757
51d.1.	35	3758
51d.1.	36	3759
51d.1.	37	3760
51d.1.	37	3761
52a.1.	1	3763
52a.1.	2	3764
52a.1.	3	3765
52a.1.	4	3766
52a.1.	5	3767
52a.1.	5	3768
52a.1.	6	3769
52a.1.	7	3770
52a.1.	8	3771
52a.1.	9	3772
52a.1.	10	3773
52a.1.	11	3774
52a.1.	12	3775
52a.1.	13	3776
52a.1.	14	3777
52a.1.	15	3778
52a.1.	16	3779
52a.1.	17	3780
52a.1.	18	3781
52a.1.	18	3782
52a.1.	19	3783
52a.1.	20	3784
52a.1.	21	3785
52a.1.	22	3786
52a.1.	23	3787
52a.1.	24	3788
52a.1.	25	3789
52a.1.	26	3790
52a.1.	27	3791
52a.1.	28	3792
52a.1.	29	3793
52a.1.	30	3794
52a.1.	30	3795
52a.1.	31	3796
52a.1.	32	3797
52a.1.	33	3798
52a.1.	34	3799
52a.1.	35	3800
52a.1.	36	3801
52a.1.	37	3802
52a.1.	37	3803
52a.1.	38	3804
52a.1.	39	3805
52a.1.	40	3806
52a.1.	41	3807
52a.1.	42	3808
52a.1.	43	3809
52a.1.	44	3810
52a.1.	44	3811
52a.1.	45	3812
52a.1.	46	3813
52a.1.	47	3814
52a.1.	47	3815
52a.1.	48	3816
52a.1.	49	3817
52a.1.	50	3818
52a.1.	51	3819
52a.1.	52	3820
52a.1.	53	3821
52a.1.	54	3822
52a.1.	55	3823
52a.1.	56	3824
52a.1.	57	3825
52a.1.	57	3826
52a.1.	58	3827
52a.1.	59	3828
52a.1.	60	3829
52a.1.	61	3830
52a.1.	62	3831
52a.1.	63	3832
52a.1.	64	3833
52a.1.	65	3834
52a.1.	66	3835
52a.1.	67	3836
52a.1.	68	3837
52a.1.	69	3838
52a.1.	70	3839
52a.1.	71	3840
52a.1.	72	3841
52a.1.	72	3842
52a.1.	73	3843
52a.1.	74	3844
52a.1.	75	3845
52a.1.	76	3846
52a.1.	76	3847
52a.1.	77	3848
52a.1.	78	3849
52a.1.	79	3850
52a.1.	80	3851
52a.1.	81	3852
52a.1.	81	3853
52a.1.	82	3854
52a.1.	83	3855
52a.1.	84	3856
52a.1.	84	3857
52a.2.	1	3859
52a.2.	2	3860
52a.2.	3	3861
52a.2.	4	3862
52a.2.	5	3863
52a.2.	5	3864
52a.2.	6	3865
52a.2.	7	3866
52a.2.	7	3867
52a.2.	8	3868
52a.2.	9	3869
52a.2.	10	3870
52a.2.	10	3871
52a.2.	11	3872
52a.2.	12	3873
52a.2.	13	3874
52a.2.	14	3875
52a.2.	14	3876
52a.2.	15	3877
52a.2.	16	3878
52a.2.	17	3879
52a.2.	18	3880
52a.2.	19	3881
52a.2.	19	3882
52a.2.	20	3883
52a.2.	21	3884
52a.2.	22	3885
52a.2.	23	3886
52a.2.	23	3887
52a.3.	1	3889
52a.3.	2	3890
52a.3.	3	3891
52a.3.	4	3892
52a.3.	4	3893
52a.4.	1	3895
52a.4.	2	3896
52a.4.	3	3897
52a.4.	3	3898
52a.5.	1	3899
52a.5.	2	3900
52a.5.	3	3901
52a.5.	4	3902
52a.5.	5	3903
52a.5.	6	3904
52a.5.	7	3905
52a.5.	8	3906
52a.5.	9	3907
52a.5.	10	3908
52a.5.	11	3909
52a.5.	12	3910
52a.5.	13	3911
52a.5.	14	3912
52a.5.	15	3913
52a.5.	16	3914
52a.5.	17	3915
52a.5.	18	3916
52a.5.	18	3917
52b.1.	1	3918
52b.1.	2	3919
52b.1.	3	3920
52b.1.	4	3921
52b.1.	5	3922
52b.1.	6	3923
52b.1.	6	3924
52b.1.	7	3925
52b.1.	8	3926
52b.1.	9	3927
52b.1.	10	3928
52b.1.	11	3929
52b.1.	11	3930
52b.1.	12	3931
52b.1.	13	3932
52b.1.	14	3933
52b.1.	15	3934
52b.1.	16	3935
52b.1.	17	3936
52b.1.	18	3937
52b.1.	19	3938
52b.1.	19	3939
52b.2.	1	3940
52b.2.	2	3941
52b.2.	3	3942
52b.2.	4	3943
52b.2.	5	3944
52b.2.	6	3945
52b.2.	7	3946
52b.2.	8	3947
52b.2.	9	3948
52b.2.	10	3949
52b.2.	11	3950
52b.2.	12	3951
52b.2.	13	3952
52b.2.	14	3953
52b.2.	15	3954
52b.2.	16	3955
52b.2.	17	3956
52b.2.	17	3957
52b.2.	18	3958
52b.2.	19	3959
52b.2.	20	3960
52b.2.	21	3961
52b.2.	22	3962
52b.2.	23	3963
52b.2.	24	3964
52b.2.	25	3965
52b.2.	26	3966
52b.2.	26	3967
52b.2.	27	3968
52b.2.	28	3969
52b.2.	29	3970
52b.2.	30	3971
52b.2.	31	3972
52b.2.	31	3973
52b.2.	32	3974
52b.2.	33	3975
52b.2.	34	3976
52b.2.	34	3977
52b.2.	35	3978
52b.2.	36	3979
52b.2.	37	3980
52b.2.	38	3981
52b.2.	38	3982
52b.2.	39	3983
52b.2.	40	3984
52b.2.	41	3985
52b.2.	42	3986
52b.2.	43	3987
52b.2.	44	3988
52b.2.	45	3989
52b.2.	46	3990
52b.2.	47	3991
52b.2.	47	3992
52b.2.	48	3993
52b.2.	49	3994
52b.2.	50	3995
52b.2.	51	3996
52b.2.	52	3997
52b.2.	53	3998
52b.2.	54	3999
52b.2.	55	4000
52b.2.	56	4001
52b.2.	57	4002
52b.2.	57	4003
52b.2.	58	4004
52b.2.	59	4005
52b.2.	60	4006
52b.2.	61	4007
52b.2.	62	4008
52b.2.	63	4009
52b.2.	64	4010
52b.2.	65	4011
52b.2.	66	4012
52b.2.	66	4013
52c.1.	1	4017
52c.1.	2	4018
52c.1.	3	4019
52c.1.	4	4020
52c.1.	5	4021
52c.1.	6	4022
52c.1.	7	4023
52c.1.	8	4024
52c.1.	9	4025
52c.1.	9	4026
52c.1.	10	4027
52c.1.	11	4028
52c.1.	12	4029
52c.1.	13	4030
52c.1.	14	4031
52c.1.	15	4032
52c.1.	16	4033
52c.1.	17	4034
52c.1.	17	4035
52c.1.	18	4036
52c.1.	19	4037
52c.1.	20	4038
52c.1.	21	4039
52c.1.	22	4040
52c.1.	22	4041
52c.2.	1	4042
52c.2.	2	4043
52c.2.	3	4044
52c.2.	4	4045
52c.2.	5	4046
52c.2.	6	4047
52c.2.	7	4048
52c.2.	8	4049
52c.2.	9	4050
52c.2.	10	4051
52c.2.	11	4052
52c.2.	12	4053
52c.2.	12	4054
52c.2.	13	4055
52c.2.	14	4056
52c.2.	15	4057
52c.2.	16	4058
52c.2.	17	4059
52c.2.	18	4060
52c.2.	19	4061
52c.2.	19	4062
52c.2.	20	4063
52c.2.	21	4064
52c.2.	22	4065
52c.2.	22	4066
52c.3.	1	4069
52c.3.	2	4070
52c.3.	3	4071
52c.3.	4	4072
52c.3.	5	4073
52c.3.	6	4074
52c.3.	7	4075
52c.3.	8	4076
52c.3.	9	4077
52c.3.	10	4078
52c.3.	11	4079
52c.3.	12	4080
52c.3.	12	4081
52c.3.	13	4082
52c.3.	14	4083
52c.3.	14	4084
52c.3.	15	4085
52c.3.	16	4086
52c.3.	16	4087
52c.3.	17	4088
52c.3.	18	4089
52c.3.	19	4090
52c.3.	20	4091
52c.3.	20	4092
52c.4.	1	4093
52c.4.	2	4094
52c.4.	3	4095
52c.4.	4	4096
52c.4.	5	4097
52c.4.	6	4098
52c.4.	7	4099
52c.4.	7	4100
52c.4.	8	4101
52c.4.	9	4102
52c.4.	10	4103
52c.4.	11	4104
52c.4.	12	4105
52c.4.	12	4106
52c.4.	13	4107
52c.4.	14	4108
52c.4.	14	4109
52c.4.	15	4110
52c.4.	16	4111
52c.4.	17	4112
52c.4.	18	4113
52c.4.	19	4114
52c.4.	20	4115
52c.4.	21	4116
52c.4.	22	4117
52c.4.	22	4118
52c.4.	23	4119
52c.4.	24	4120
52c.4.	25	4121
52c.4.	26	4122
52c.4.	27	4123
52c.4.	28	4124
52c.4.	29	4125
52c.4.	30	4126
52c.4.	31	4127
52c.4.	32	4128
52c.4.	33	4129
52c.4.	34	4130
52c.4.	35	4131
52c.4.	36	4132
52c.4.	36	4133
52d.1.	1	4134
52d.1.	2	4135
52d.1.	3	4136
52d.1.	4	4137
52d.1.	5	4138
52d.1.	6	4139
52d.1.	7	4140
52d.1.	7	4141
52d.1.	8	4142
52d.1.	9	4143
52d.1.	10	4144
52d.1.	11	4145
52d.1.	12	4146
52d.1.	13	4147
52d.1.	14	4148
52d.1.	15	4149
52d.1.	16	4150
52d.1.	17	4151
52d.1.	18	4152
52d.1.	19	4153
52d.1.	20	4154
52d.1.	20	4155
52d.1.	21	4156
52d.1.	22	4157
52d.1.	23	4158
52d.1.	23	4159
52d.2.	1	4160
52d.2.	2	4161
52d.2.	3	4162
52d.2.	4	4163
52d.2.	4	4164
52d.2.	5	4165
52d.2.	6	4166
52d.2.	6	4167
52d.3.	1	4168
52d.3.	2	4169
52d.3.	3	4170
52d.3.	4	4171
52d.3.	4	4172
52d.4.	2	4174
52d.4.	2	4175
52d.4.	3	4176
52d.4.	4	4177
52d.4.	4	4178
52e.1.	2	4180
52e.1.	3	4181
52e.1.	4	4182
52e.1.	4	4183
52e.1.	5	4184
52e.1.	6	4185
52e.1.	6	4186
52e.1.	7	4187
52e.1.	8	4188
52e.1.	9	4189
52e.1.	10	4190
52e.1.	11	4191
52e.1.	12	4192
52e.1.	13	4193
52e.1.	14	4194
52e.1.	15	4195
52e.1.	15	4196
52e.1.	16	4197
52e.1.	17	4198
52e.1.	18	4199
52e.1.	19	4200
52e.1.	20	4201
52e.1.	21	4202
52e.1.	22	4203
52e.1.	23	4204
52e.1.	24	4205
52e.1.	25	4206
52e.1.	26	4207
52e.1.	27	4208
52e.1.	27	4209
52e.1.	28	4210
52e.1.	29	4211
52e.1.	30	4212
52e.1.	31	4213
52e.1.	31	4214
52e.1.	32	4215
52e.1.	33	4216
52e.1.	34	4217
52e.1.	35	4218
52e.1.	36	4219
52e.1.	36	4220
52e.1.	37	4221
52e.1.	38	4222
52e.1.	39	4223
52e.1.	40	4224
52e.1.	41	4225
52e.1.	42	4226
52e.1.	43	4227
52e.1.	44	4228
52e.1.	45	4229
52e.1.	46	4230
52e.1.	47	4231
52e.1.	47	4232
53a.1.	2	4234
53a.1.	3	4235
53a.1.	4	4236
53a.1.	5	4237
53a.1.	6	4238
53a.1.	7	4239
53a.1.	8	4240
53a.1.	8	4241
53a.1.	9	4242
53a.1.	10	4243
53a.1.	11	4244
53a.1.	12	4245
53a.1.	13	4246
53a.1.	13	4247
53a.1.	14	4248
53a.1.	15	4249
53a.1.	16	4250
53a.1.	17	4251
53a.1.	18	4252
53a.1.	19	4253
53a.1.	20	4254
53a.1.	21	4255
53a.1.	22	4256
53a.1.	22	4257
53a.1.	23	4258
53a.1.	24	4259
53a.1.	25	4260
53a.1.	26	4261
53a.1.	27	4262
53a.1.	28	4263
53a.1.	29	4264
53a.1.	30	4265
53a.1.	31	4266
53a.1.	32	4267
53a.1.	33	4268
53a.1.	34	4269
53a.1.	35	4270
53a.1.	36	4271
53a.1.	37	4272
53a.1.	37	4273
53a.1.	38	4276
53a.1.	39	4277
53a.1.	40	4278
53a.1.	41	4279
53a.1.	42	4280
53a.1.	43	4281
53a.1.	44	4282
53a.1.	45	4283
53a.1.	46	4284
53a.1.	47	4285
53a.1.	48	4286
53a.1.	49	4287
53a.1.	50	4288
53a.1.	51	4289
53a.1.	52	4290
53a.1.	53	4291
53a.1.	53	4292
53a.2.	1	4294
53a.2.	2	4295
53a.2.	3	4296
53a.2.	4	4297
53a.2.	5	4298
53a.2.	6	4299
53a.2.	7	4300
53a.2.	7	4301
53a.3.	1	4302
53a.3.	2	4303
53a.3.	3	4304
53a.3.	4	4305
53a.3.	5	4306
53a.3.	6	4307
53a.3.	7	4308
53a.3.	7	4309
53a.4.	1	4310
53a.4.	2	4311
53a.4.	3	4312
53a.4.	4	4313
53a.4.	4	4314
53a.4.	5	4315
53a.4.	6	4316
53a.4.	6	4317
53b.1.	1	4318
53b.1.	2	4319
53b.1.	3	4320
53b.1.	4	4321
53b.1.	5	4322
53b.1.	6	4323
53b.1.	7	4324
53b.1.	8	4325
53b.1.	9	4326
53b.1.	10	4327
53b.1.	11	4328
53b.1.	12	4329
53b.1.	12	4330
53b.1.	13	4331
53b.1.	14	4332
53b.1.	15	4333
53b.1.	16	4334
53b.1.	17	4335
53b.1.	18	4336
53b.1.	19	4337
53b.1.	20	4338
53b.1.	21	4339
53b.1.	22	4340
53b.1.	23	4341
53b.1.	24	4342
53b.1.	25	4343
53b.1.	26	4344
53b.1.	27	4345
53b.1.	27	4346
53b.2.	1	4347
53b.2.	2	4348
53b.2.	3	4349
53b.2.	4	4350
53b.2.	5	4351
53b.2.	6	4352
53b.2.	7	4353
53b.2.	8	4354
53b.2.	9	4355
53b.2.	10	4356
53b.2.	11	4357
53b.2.	12	4358
53b.2.	13	4359
53b.2.	14	4360
53b.2.	15	4361
53b.2.	16	4362
53b.2.	17	4363
53b.2.	18	4364
53b.2.	19	4365
53b.2.	19	4366
53b.2.	20	4367
53b.2.	21	4368
53b.2.	22	4369
53b.2.	22	4370
53b.3.	1	4372
53b.3.	2	4373
53b.3.	3	4374
53b.3.	4	4375
53b.3.	5	4376
53b.3.	6	4377
53b.3.	7	4378
53b.3.	8	4379
53b.3.	9	4380
53b.3.	10	4381
53b.3.	11	4382
53b.3.	11	4383
53b.3.	12	4384
53b.3.	13	4385
53b.3.	14	4386
53b.3.	15	4387
53b.3.	16	4388
53b.3.	17	4389
53b.3.	18	4390
53b.3.	19	4391
53b.3.	20	4392
53b.3.	21	4393
53b.3.	22	4394
53b.3.	22	4395
53b.3.	23	4396
53b.3.	24	4397
53b.3.	24	4398
53b.3.	25	4399
53b.3.	26	4400
53b.3.	27	4401
53b.3.	27	4402
53b.3.	28	4403
53b.3.	29	4404
53b.3.	30	4405
53b.3.	31	4406
53b.3.	32	4407
53b.3.	33	4408
53b.3.	34	4409
53b.3.	35	4410
53b.3.	36	4411
53b.3.	37	4412
53b.3.	38	4413
53b.3.	39	4414
53b.3.	39	4415
53b.3.	40	4416
53b.3.	41	4417
53b.3.	42	4418
53b.3.	43	4419
53b.3.	44	4420
53b.3.	45	4421
53b.3.	45	4422
53b.3.	46	4423
53b.3.	47	4424
53b.3.	48	4425
53b.3.	49	4426
53b.3.	50	4427
53b.3.	51	4428
53b.3.	51	4429
53c.1.	1	4430
53c.1.	2	4431
53c.1.	3	4432
53c.1.	4	4433
53c.1.	5	4434
53c.1.	6	4435
53c.1.	7	4436
53c.1.	8	4437
53c.1.	9	4438
53c.1.	10	4439
53c.1.	11	4440
53c.1.	12	4441
53c.1.	13	4442
53c.1.	14	4443
53c.1.	15	4444
53c.1.	16	4445
53c.1.	16	4446
53c.2.	1	4447
53c.2.	2	4448
53c.2.	3	4449
53c.2.	4	4450
53c.2.	5	4451
53c.2.	6	4452
53c.2.	7	4453
53c.2.	8	4454
53c.2.	9	4455
53c.2.	10	4456
53c.2.	11	4457
53c.2.	12	4458
53c.2.	12	4459
53c.3.	1	4460
53c.3.	2	4461
53c.3.	3	4462
53c.3.	4	4463
53c.3.	5	4464
53c.3.	6	4465
53c.3.	7	4466
53c.3.	8	4467
53c.3.	8	4468
53c.4.	1	4469
53c.4.	2	4470
53c.4.	3	4471
53c.4.	4	4472
53c.4.	5	4473
53c.4.	6	4474
53c.4.	7	4475
53c.4.	8	4476
53c.4.	9	4477
53c.4.	9	4478
53c.4.	10	4479
53c.4.	11	4480
53c.4.	11	4481
53c.5.	1	4483
53c.5.	2	4484
53c.5.	3	4485
53c.5.	3	4486
53c.5.	4	4487
53c.5.	5	4488
53c.5.	6	4489
53c.5.	7	4490
53c.5.	8	4491
53c.5.	9	4492
53c.5.	10	4493
53c.5.	11	4494
53c.5.	12	4495
53c.5.	13	4496
53c.5.	14	4497
53c.5.	15	4498
53c.5.	16	4499
53c.5.	17	4500
53c.5.	18	4501
53c.5.	19	4502
53c.5.	19	4503
53d.1.	1	4507
53d.1.	2	4508
53d.1.	3	4509
53d.1.	4	4510
53d.1.	5	4511
53d.1.	6	4512
53d.1.	7	4513
53d.1.	8	4514
53d.1.	9	4515
53d.1.	10	4516
53d.1.	10	4517
53d.2.	1	4518
53d.2.	2	4519
53d.2.	3	4520
53d.2.	3	4521
53d.3.	1	4522
53d.3.	2	4523
53d.3.	3	4524
53d.3.	4	4525
53d.3.	5	4526
53d.3.	6	4527
53d.3.	7	4528
53d.3.	7	4529
53d.3.	8	4530
53d.3.	9	4531
53d.3.	10	4532
53d.3.	11	4533
53d.3.	12	4534
53d.3.	13	4535
53d.3.	14	4536
53d.3.	15	4537
53d.3.	16	4538
53d.3.	16	4539
53d.4.	1	4540
53d.4.	2	4541
53d.4.	3	4542
53d.4.	4	4543
53d.4.	5	4544
53d.4.	6	4545
53d.4.	7	4546
53d.4.	7	4547
53d.4.	8	4548
53d.4.	9	4549
53d.4.	10	4550
53d.4.	11	4551
53d.4.	12	4552
53d.4.	13	4553
53d.4.	14	4554
53d.4.	15	4555
53d.4.	16	4556
53d.4.	17	4557
53d.4.	18	4558
53d.4.	19	4559
53d.4.	20	4560
53d.4.	21	4561
53d.4.	22	4562
53d.4.	23	4563
53d.4.	23	4564
53d.4.	24	4565
53d.4.	25	4566
53d.4.	26	4567
53d.4.	27	4568
53d.4.	28	4569
53d.4.	29	4570
53d.4.	30	4571
53d.4.	31	4572
53d.4.	32	4573
53d.4.	33	4574
53d.4.	34	4575
53d.4.	34	4576
53d.4.	35	4577
53d.4.	36	4578
53d.4.	37	4579
53d.4.	38	4580
53d.4.	39	4581
53d.4.	40	4582
53d.4.	40	4583
53d.5.	1	4585
53d.5.	2	4586
53d.5.	3	4587
53d.5.	4	4588
53d.5.	4	4589
53d.5.	5	4590
53d.5.	6	4591
53d.5.	7	4592
53d.5.	8	4593
53d.5.	9	4594
53d.5.	10	4595
53d.5.	11	4596
53d.5.	12	4597
53d.5.	13	4598
53d.5.	13	4599
53d.5.	14	4600
53d.5.	15	4601
53d.5.	16	4602
53d.5.	17	4603
53d.5.	18	4604
53d.5.	18	4605
53d.5.	19	4606
53d.5.	20	4607
53d.5.	21	4608
53d.5.	22	4609
53d.5.	22	4610
53d.5.	23	4611
53d.5.	24	4612
53d.5.	25	4613
53d.5.	25	4614
53e.1.	1	4617
53e.1.	1	4618
53e.1.	2	4619
53e.1.	3	4620
53e.1.	4	4621
53e.1.	5	4622
53e.1.	5	4623
53e.2.	1	4625
53e.2.	2	4626
53e.2.	3	4627
53e.2.	3	4628
53e.2.	4	4629
53e.2.	4	4630
53e.2.	5	4631
53e.2.	6	4632
53e.2.	6	4633
53e.2.	7	4634
53e.2.	8	4635
53e.2.	9	4636
53e.2.	10	4637
53e.2.	10	4638
53e.3.	1	4640
53e.3.	2	4641
53e.3.	3	4642
53e.3.	4	4643
53e.3.	5	4644
53e.3.	6	4645
53e.3.	7	4646
53e.3.	8	4647
53e.3.	9	4648
53e.3.	10	4649
53e.3.	11	4650
53e.3.	12	4651
53e.3.	13	4652
53e.3.	14	4653
53e.3.	14	4654
53e.3.	15	4655
53e.3.	16	4656
53e.3.	17	4657
53e.3.	18	4658
53e.3.	19	4659
53e.3.	20	4660
53e.3.	20	4661
53e.4.	1	4662
53e.4.	2	4663
53e.4.	3	4664
53e.4.	4	4665
53e.4.	5	4666
53e.4.	6	4667
53e.4.	7	4668
53e.4.	8	4669
53e.4.	9	4670
53e.4.	10	4671
53e.4.	11	4672
53e.4.	12	4673
53e.4.	13	4674
53e.4.	14	4675
53e.4.	14	4676
54a.1.	1	4677
54a.1.	2	4678
54a.1.	3	4679
54a.1.	4	4680
54a.1.	5	4681
54a.1.	6	4682
54a.1.	7	4683
54a.1.	7	4684
54a.1.	8	4685
54a.1.	9	4686
54a.1.	10	4687
54a.1.	11	4688
54a.1.	12	4689
54a.1.	12	4690
54a.2.	1	4691
54a.2.	2	4692
54a.2.	2	4693
54a.3.	1	4695
54a.3.	2	4696
54a.3.	3	4697
54a.3.	4	4698
54a.3.	5	4699
54a.3.	6	4700
54a.3.	7	4701
54a.3.	8	4702
54a.3.	8	4703
54a.3.	9	4704
54a.3.	10	4705
54a.3.	10	4706
54a.3.	11	4707
54a.3.	12	4708
54a.3.	13	4709
54a.3.	14	4710
54a.3.	14	4711
54a.4.	1	4713
54a.4.	2	4714
54a.4.	3	4715
54a.4.	4	4716
54a.4.	4	4717
54a.4.	5	4718
54a.4.	6	4719
54a.4.	7	4720
54a.4.	8	4721
54a.4.	9	4722
54a.4.	10	4723
54a.4.	11	4724
54a.4.	12	4725
54a.4.	13	4726
54a.4.	14	4727
54a.4.	15	4728
54a.4.	16	4729
54a.4.	17	4730
54a.4.	17	4731
54a.5.	1	4733
54a.5.	2	4734
54a.5.	3	4735
54a.5.	4	4736
54a.5.	5	4737
54a.5.	6	4738
54a.5.	7	4739
54a.5.	7	4740
54a.6.	1	4741
54a.6.	2	4742
54a.6.	3	4743
54a.6.	4	4744
54a.6.	5	4745
54a.6.	6	4746
54a.6.	6	4747
54a.6.	7	4748
54a.6.	7	4749
54a.6.	8	4750
54a.6.	9	4751
54a.6.	10	4752
54a.6.	11	4753
54a.6.	12	4754
54a.6.	12	4755
54a.6.	13	4756
54a.6.	14	4757
54a.6.	14	4758
54b.1.	1	4760
54b.1.	2	4761
54b.1.	3	4762
54b.1.	4	4763
54b.1.	5	4764
54b.1.	6	4765
54b.1.	7	4766
54b.1.	8	4767
54b.1.	9	4768
54b.1.	10	4769
54b.1.	11	4770
54b.1.	11	4771
54b.1.	12	4772
54b.1.	13	4773
54b.1.	14	4774
54b.3.	1	4775
54b.3.	2	4776
54b.3.	3	4777
54b.3.	4	4778
54b.3.	5	4779
54b.3.	6	4780
54b.3.	7	4781
54b.3.	8	4782
54b.3.	9	4783
54b.3.	10	4784
54b.3.	11	4785
54b.3.	12	4786
54b.3.	13	4787
54b.3.	13	4788
54b.3.	14	4789
54b.3.	15	4790
54b.3.	16	4791
54b.3.	17	4792
54b.3.	18	4793
54b.3.	18	4794
54b.3.	19	4795
54b.3.	20	4796
54b.3.	21	4797
54b.3.	22	4798
54b.3.	23	4799
54b.3.	23	4800
54b.4.	1	4801
54b.4.	2	4802
54b.4.	3	4803
54b.4.	4	4804
54b.4.	5	4805
54b.4.	5	4806
54b.4.	6	4807
54b.4.	7	4808
54b.4.	7	4809
54b.4.	8	4810
54b.4.	9	4811
54b.4.	10	4812
54b.4.	11	4813
54b.4.	12	4814
54b.4.	13	4815
54b.4.	14	4816
54b.4.	15	4817
54b.4.	15	4818
54c.1.	1	4819
54c.1.	2	4820
54c.1.	3	4821
54c.1.	4	4822
54c.1.	5	4823
54c.1.	6	4824
54c.1.	7	4825
54c.1.	8	4826
54c.1.	9	4827
54c.1.	9	4828
54c.1.	10	4829
54c.1.	11	4830
54c.1.	12	4831
54c.1.	13	4832
54c.1.	14	4833
54c.1.	15	4834
54c.1.	16	4835
54c.1.	17	4836
54c.1.	18	4837
54c.1.	19	4838
54c.1.	20	4839
54c.1.	21	4840
54c.1.	22	4841
54c.1.	23	4842
54c.1.	24	4843
54c.1.	25	4844
54c.1.	26	4845
54c.1.	26	4846
54c.1.	27	4847
54c.1.	28	4848
54c.1.	29	4849
54c.1.	30	4850
54c.1.	31	4851
54c.1.	32	4852
54c.1.	33	4853
54c.1.	34	4854
54c.1.	34	4855
54c.1.	35	4856
54c.1.	36	4857
54c.1.	37	4858
54c.1.	38	4859
54c.1.	39	4860
54c.1.	39	4861
54c.1.	40	4862
54c.1.	41	4863
54c.1.	42	4864
54c.1.	43	4865
54c.1.	44	4866
54c.1.	45	4867
54c.1.	46	4868
54c.1.	47	4869
54c.1.	48	4870
54c.1.	49	4871
54c.1.	50	4872
54c.1.	51	4873
54c.1.	52	4874
54c.1.	52	4875
54c.1.	53	4876
54c.1.	54	4877
54c.1.	55	4878
54c.1.	56	4879
54c.1.	57	4880
54c.1.	58	4881
54c.1.	59	4882
54c.1.	60	4883
54c.1.	61	4884
54c.1.	61	4885
54c.2.	1	4888
54c.2.	2	4889
54c.2.	3	4890
54c.2.	4	4891
54c.2.	5	4892
54c.2.	6	4893
54c.2.	7	4894
54c.2.	8	4895
54c.2.	9	4896
54c.2.	10	4897
54c.2.	11	4898
54c.2.	12	4900
54c.2.	12	4901
54c.2.	13	4902
54c.2.	14	4903
54c.2.	15	4904
54c.2.	16	4905
54c.2.	16	4906
54c.2.	17	4907
54c.2.	18	4908
54c.2.	19	4909
54c.2.	20	4910
54c.2.	21	4911
54c.2.	22	4912
54c.2.	22	4913
54c.2.	23	4914
54c.2.	24	4915
54c.2.	25	4916
54c.2.	26	4917
54c.2.	27	4918
54c.2.	28	4919
54c.2.	29	4920
54c.2.	29	4921
54c.2.	30	4922
54c.2.	31	4923
54c.2.	32	4924
54c.2.	33	4925
54c.2.	34	4926
54c.2.	35	4927
54c.2.	36	4928
54c.2.	37	4929
54c.2.	38	4930
54c.2.	39	4931
54c.2.	40	4932
54c.2.	41	4933
54c.2.	42	4934
54c.2.	43	4935
54c.2.	44	4936
54c.2.	45	4937
54c.2.	46	4938
54c.2.	46	4939
54c.3.	1	4940
54c.3.	2	4941
54c.3.	2	4942
54c.3.	3	4943
54c.3.	4	4944
54c.3.	5	4945
54c.3.	6	4946
54c.3.	7	4947
54c.3.	8	4948
54c.3.	8	4949
54c.3.	9	4950
54c.3.	10	4951
54c.3.	11	4952
54c.3.	12	4953
54c.3.	12	4954
54c.3.	13	4955
54c.3.	14	4956
54c.3.	14	4957
54c.4.	1	4958
54c.4.	2	4959
54c.4.	3	4960
54c.4.	4	4961
54c.4.	5	4962
54c.4.	6	4963
54c.4.	7	4964
54c.4.	7	4965
54c.4.	8	4966
54c.4.	8	4967
54d.1.	2	4968
54d.1.	2	4969
54d.1.	3	4970
54d.1.	4	4971
54d.1.	4	4972
54d.1.	5	4973
54d.1.	6	4974
54d.1.	7	4975
54d.1.	7	4976
54e.1.	2	4977
54e.1.	3	4978
54e.1.	3	4979
54e.1.	4	4980
54e.1.	5	4981
54e.1.	5	4982
54e.1.	6	4983
54e.1.	7	4984
54e.1.	8	4985
54e.1.	8	4986
54e.1.	9	4987
54e.1.	10	4988
54e.1.	11	4989
54e.1.	12	4990
54e.1.	13	4991
54e.1.	13	4992
